ADAN,"Carnival: Ansal Plaza, Vaishali",90,2018-10-29 17:00:00,GOLD,115.00,Available,07:30 PM,201810291930,night,2018-10-29 17:00:00,N
ADAN,"Carnival: Ansal Plaza, Vaishali",90,2018-10-29 17:00:00,GOLD,115.00,Available,07:30 PM,201810291930,night,2018-10-29 17:00:00,N
ADAN,"Carnival: Ansal Plaza, Vaishali",92,2018-10-29 17:00:00,GOLD,115.00,Available,10:00 PM,201810292200,night,2018-10-29 17:00:00,N
ADAN,"Carnival: Ansal Plaza, Vaishali",92,2018-10-29 17:00:00,GOLD,115.00,Available,10:00 PM,201810292200,night,2018-10-29 17:00:00,N
ADGN,"Carnival: Ansal Plaza, Palam Vihar",88,2018-10-29 17:00:00,GOLD,180.00,Available,05:30 PM,201810291730,evening,2018-10-29 17:00:00,N
ADGN,"Carnival: Ansal Plaza, Palam Vihar",88,2018-10-29 17:00:00,GOLD,180.00,Available,05:30 PM,201810291730,evening,2018-10-29 17:00:00,N
ADGN,"Carnival: Ansal Plaza, Palam Vihar",84,2018-10-29 17:00:00,GOLD,180.00,Available,08:00 PM,201810292000,night,2018-10-29 17:00:00,N
ADGN,"Carnival: Ansal Plaza, Palam Vihar",84,2018-10-29 17:00:00,GOLD,180.00,Available,08:00 PM,201810292000,night,2018-10-29 17:00:00,N
ADGN,"Carnival: Ansal Plaza, Palam Vihar",98,2018-10-29 17:00:00,GOLD,180.00,Available,10:40 PM,201810292240,night,2018-10-29 17:00:00,N
ADGN,"Carnival: Ansal Plaza, Palam Vihar",98,2018-10-29 17:00:00,GOLD,180.00,Available,10:40 PM,201810292240,night,2018-10-29 17:00:00,N
ADRP,"Carnival: Pacific Mall, Sahibabad",88,2018-10-29 17:00:00,GOLD,150.00,Available,06:10 PM,201810291810,evening,2018-10-29 17:00:00,N
ADRP,"Carnival: Pacific Mall, Sahibabad",90,2018-10-29 17:00:00,EBONY,350.00,Available,07:30 PM,201810291930,night,2018-10-29 17:00:00,N
ADRP,"Carnival: Pacific Mall, Sahibabad",90,2018-10-29 17:00:00,EBONY,350.00,Available,07:30 PM,201810291930,night,2018-10-29 17:00:00,N
ADRP,"Carnival: Pacific Mall, Sahibabad",86,2018-10-29 17:00:00,GOLD,150.00,Available,08:30 PM,201810292030,night,2018-10-29 17:00:00,N
ADRP,"Carnival: Pacific Mall, Sahibabad",90,2018-10-29 17:00:00,GOLD,140.00,Available,10:15 PM,201810292215,night,2018-10-29 17:00:00,N
ADRP,"Carnival: Pacific Mall, Sahibabad",90,2018-10-29 17:00:00,GOLD,140.00,Available,10:15 PM,201810292215,night,2018-10-29 17:00:00,N
ADTE,Carnival: TGIP Red Carpet,86,2018-10-29 17:00:00,SOFA,350.00,Available,05:40 PM,201810291740,evening,2018-10-29 17:00:00,N
ADTE,Carnival: TGIP Red Carpet,86,2018-10-29 17:00:00,SOFA,350.00,Available,05:40 PM,201810291740,evening,2018-10-29 17:00:00,N
ADTE,Carnival: TGIP Red Carpet,89,2018-10-29 17:00:00,SOFA,370.00,Available,06:50 PM,201810291850,evening,2018-10-29 17:00:00,N
ADTE,Carnival: TGIP Red Carpet,89,2018-10-29 17:00:00,SOFA,370.00,Available,06:50 PM,201810291850,evening,2018-10-29 17:00:00,N
ADTE,Carnival: TGIP Red Carpet,90,2018-10-29 17:00:00,SOFA,370.00,Available,09:30 PM,201810292130,night,2018-10-29 17:00:00,N
ADTE,Carnival: TGIP Red Carpet,90,2018-10-29 17:00:00,SOFA,370.00,Available,09:30 PM,201810292130,night,2018-10-29 17:00:00,N
ADTG,Carnival: TGIP,63,2018-10-29 17:00:00,GOLD,150.00,Available,05:50 PM,201810291750,evening,2018-10-29 17:00:00,N
ADTG,Carnival: TGIP,63,2018-10-29 17:00:00,GOLD,150.00,Available,05:50 PM,201810291750,evening,2018-10-29 17:00:00,N
ADTG,Carnival: TGIP,77,2018-10-29 17:00:00,GOLD,150.00,Available,05:50 PM,201810291750,evening,2018-10-29 17:00:00,N
ADTG,Carnival: TGIP,55,2018-10-29 17:00:00,GOLD,150.00,Filling Fast,08:20 PM,201810292020,night,2018-10-29 17:00:00,N
ADTG,Carnival: TGIP,55,2018-10-29 17:00:00,GOLD,150.00,Filling Fast,08:20 PM,201810292020,night,2018-10-29 17:00:00,N
ADTG,Carnival: TGIP,71,2018-10-29 17:00:00,GOLD,115.00,Available,11:00 PM,201810292300,night,2018-10-29 17:00:00,N
ADTG,Carnival: TGIP,71,2018-10-29 17:00:00,GOLD,115.00,Available,11:00 PM,201810292300,night,2018-10-29 17:00:00,N
BIKU,"Carnival: Ansal, Kundli",87,2018-10-29 17:00:00,SILVER,115.00,Available,07:30 PM,201810291930,night,2018-10-29 17:00:00,N
BIKU,"Carnival: Ansal, Kundli",87,2018-10-29 17:00:00,SILVER,115.00,Available,07:30 PM,201810291930,night,2018-10-29 17:00:00,N
BIKU,"Carnival: Ansal, Kundli",87,2018-10-29 17:00:00,SILVER,115.00,Available,07:30 PM,201810291930,night,2018-10-29 17:00:00,N
BIKU,"Carnival: Ansal, Kundli",88,2018-10-29 17:00:00,SILVER,115.00,Available,10:00 PM,201810292200,night,2018-10-29 17:00:00,N
BIKU,"Carnival: Ansal, Kundli",88,2018-10-29 17:00:00,SILVER,115.00,Available,10:00 PM,201810292200,night,2018-10-29 17:00:00,N
BIKU,"Carnival: Ansal, Kundli",88,2018-10-29 17:00:00,SILVER,115.00,Available,10:00 PM,201810292200,night,2018-10-29 17:00:00,N
BTFD,Batra Reels Cinemas: New Friends Colony,73,2018-10-29 17:00:00,LOUNGE,250.00,Available,07:00 PM,201810291840,night,2018-10-29 17:00:00,N
BTFD,Batra Reels Cinemas: New Friends Colony,73,2018-10-29 17:00:00,LOUNGE,250.00,Available,07:00 PM,201810291840,night,2018-10-29 17:00:00,N
BTFD,Batra Reels Cinemas: New Friends Colony,73,2018-10-29 17:00:00,LOUNGE,250.00,Available,07:00 PM,201810291840,night,2018-10-29 17:00:00,N
BTFD,Batra Reels Cinemas: New Friends Colony,84,2018-10-29 17:00:00,LOUNGE,250.00,Available,09:15 PM,201810292055,night,2018-10-29 17:00:00,N
BTFD,Batra Reels Cinemas: New Friends Colony,84,2018-10-29 17:00:00,LOUNGE,250.00,Available,09:15 PM,201810292055,night,2018-10-29 17:00:00,N
BTFD,Batra Reels Cinemas: New Friends Colony,84,2018-10-29 17:00:00,LOUNGE,250.00,Available,09:15 PM,201810292055,night,2018-10-29 17:00:00,N
BTFD,Batra Reels Cinemas: New Friends Colony,84,2018-10-29 17:00:00,LOUNGE,250.00,Available,11:30 PM,201810292310,night,2018-10-29 17:00:00,N
BTFD,Batra Reels Cinemas: New Friends Colony,84,2018-10-29 17:00:00,LOUNGE,250.00,Available,11:30 PM,201810292310,night,2018-10-29 17:00:00,N
BTFD,Batra Reels Cinemas: New Friends Colony,84,2018-10-29 17:00:00,LOUNGE,250.00,Available,11:30 PM,201810292310,night,2018-10-29 17:00:00,N
CGCG,"Carnival: Raheja Mall, Gurgaon",59,2018-10-29 17:00:00,STANDARD,150.00,Available,05:40 PM,201810291740,evening,2018-10-29 17:00:00,N
CGCG,"Carnival: Raheja Mall, Gurgaon",59,2018-10-29 17:00:00,STANDARD,150.00,Available,05:40 PM,201810291740,evening,2018-10-29 17:00:00,N
CGCG,"Carnival: Raheja Mall, Gurgaon",59,2018-10-29 17:00:00,STANDARD,150.00,Available,05:40 PM,201810291740,evening,2018-10-29 17:00:00,N
CGCG,"Carnival: Raheja Mall, Gurgaon",58,2018-10-29 17:00:00,STANDARD,150.00,Available,06:45 PM,201810291845,evening,2018-10-29 17:00:00,N
CGCG,"Carnival: Raheja Mall, Gurgaon",58,2018-10-29 17:00:00,STANDARD,150.00,Available,06:45 PM,201810291845,evening,2018-10-29 17:00:00,N
CGCG,"Carnival: Raheja Mall, Gurgaon",58,2018-10-29 17:00:00,STANDARD,150.00,Available,06:45 PM,201810291845,evening,2018-10-29 17:00:00,N
CGCG,"Carnival: Raheja Mall, Gurgaon",65,2018-10-29 17:00:00,STANDARD,150.00,Available,08:00 PM,201810292000,night,2018-10-29 17:00:00,N
CGCG,"Carnival: Raheja Mall, Gurgaon",65,2018-10-29 17:00:00,STANDARD,150.00,Available,08:00 PM,201810292000,night,2018-10-29 17:00:00,N
CGCG,"Carnival: Raheja Mall, Gurgaon",65,2018-10-29 17:00:00,STANDARD,150.00,Available,08:00 PM,201810292000,night,2018-10-29 17:00:00,N
CGCG,"Carnival: Raheja Mall, Gurgaon",95,2018-10-29 17:00:00,STANDARD,150.00,Available,10:30 PM,201810292230,night,2018-10-29 17:00:00,N
CGCG,"Carnival: Raheja Mall, Gurgaon",95,2018-10-29 17:00:00,STANDARD,150.00,Available,10:30 PM,201810292230,night,2018-10-29 17:00:00,N
CGCG,"Carnival: Raheja Mall, Gurgaon",95,2018-10-29 17:00:00,STANDARD,150.00,Available,10:30 PM,201810292230,night,2018-10-29 17:00:00,N
CIGK,DT Cinemas: Savitri Complex GK2,61,2018-10-29 17:00:00,PREMIUM,200.00,Almost Full,05:50 PM,201810291750,evening,2018-10-29 17:00:00,N
CIGK,DT Cinemas: Savitri Complex GK2,61,2018-10-29 17:00:00,PREMIUM,200.00,Almost Full,05:50 PM,201810291750,evening,2018-10-29 17:00:00,N
CIGK,DT Cinemas: Savitri Complex GK2,61,2018-10-29 17:00:00,PREMIUM,200.00,Almost Full,05:50 PM,201810291750,evening,2018-10-29 17:00:00,N
CIGK,DT Cinemas: Savitri Complex GK2,80,2018-10-29 17:00:00,PREMIUM,200.00,Filling Fast,11:35 PM,201810292335,night,2018-10-29 17:00:00,N
CIGK,DT Cinemas: Savitri Complex GK2,80,2018-10-29 17:00:00,PREMIUM,200.00,Filling Fast,11:35 PM,201810292335,night,2018-10-29 17:00:00,N
CIGK,DT Cinemas: Savitri Complex GK2,80,2018-10-29 17:00:00,PREMIUM,200.00,Filling Fast,11:35 PM,201810292335,night,2018-10-29 17:00:00,N
CIJA,"Cinepolis: Janak Cinema, New Delhi",44,2018-10-29 17:00:00,PREMIUM,260.00,Almost Full,05:35 PM,201810291735,evening,2018-10-29 17:00:00,N
CIJA,"Cinepolis: Janak Cinema, New Delhi",44,2018-10-29 17:00:00,PREMIUM,260.00,Almost Full,05:35 PM,201810291735,evening,2018-10-29 17:00:00,N
CIJA,"Cinepolis: Janak Cinema, New Delhi",44,2018-10-29 17:00:00,PREMIUM,260.00,Almost Full,05:35 PM,201810291735,evening,2018-10-29 17:00:00,N
CIJA,"Cinepolis: Janak Cinema, New Delhi",47,2018-10-29 17:00:00,PREMIUM,260.00,Almost Full,08:20 PM,201810292020,night,2018-10-29 17:00:00,N
CIJA,"Cinepolis: Janak Cinema, New Delhi",47,2018-10-29 17:00:00,PREMIUM,260.00,Almost Full,08:20 PM,201810292020,night,2018-10-29 17:00:00,N
CIJA,"Cinepolis: Janak Cinema, New Delhi",47,2018-10-29 17:00:00,PREMIUM,260.00,Almost Full,08:20 PM,201810292020,night,2018-10-29 17:00:00,N
CIJA,"Cinepolis: Janak Cinema, New Delhi",89,2018-10-29 17:00:00,PREMIUM,260.00,Available,10:50 PM,201810292250,night,2018-10-29 17:00:00,N
CIJA,"Cinepolis: Janak Cinema, New Delhi",89,2018-10-29 17:00:00,PREMIUM,260.00,Available,10:50 PM,201810292250,night,2018-10-29 17:00:00,N
CIJA,"Cinepolis: Janak Cinema, New Delhi",89,2018-10-29 17:00:00,PREMIUM,260.00,Available,10:50 PM,201810292250,night,2018-10-29 17:00:00,N
CIJA,"Cinepolis: Janak Cinema, New Delhi",96,2018-10-29 17:00:00,PREMIUM,260.00,Available,11:05 PM,201810292305,night,2018-10-29 17:00:00,N
CIJA,"Cinepolis: Janak Cinema, New Delhi",96,2018-10-29 17:00:00,PREMIUM,260.00,Available,11:05 PM,201810292305,night,2018-10-29 17:00:00,N
CIJA,"Cinepolis: Janak Cinema, New Delhi",96,2018-10-29 17:00:00,PREMIUM,260.00,Available,11:05 PM,201810292305,night,2018-10-29 17:00:00,N
CIJA,"Cinepolis: Janak Cinema, New Delhi",94,2018-10-29 17:00:00,PREMIUM,260.00,Available,11:35 PM,201810292335,night,2018-10-29 17:00:00,N
CIJA,"Cinepolis: Janak Cinema, New Delhi",94,2018-10-29 17:00:00,PREMIUM,260.00,Available,11:35 PM,201810292335,night,2018-10-29 17:00:00,N
CIJA,"Cinepolis: Janak Cinema, New Delhi",94,2018-10-29 17:00:00,PREMIUM,260.00,Available,11:35 PM,201810292335,night,2018-10-29 17:00:00,N
CIPS,Cinepolis: Saket,48,2018-10-29 17:00:00,VIP,500.00,Filling Fast,08:00 PM,201810292000,night,2018-10-29 17:00:00,N
CIPS,Cinepolis: Saket,48,2018-10-29 17:00:00,VIP,500.00,Filling Fast,08:00 PM,201810292000,night,2018-10-29 17:00:00,N
CIPS,Cinepolis: Saket,48,2018-10-29 17:00:00,VIP,500.00,Filling Fast,08:00 PM,201810292000,night,2018-10-29 17:00:00,N
CIPS,Cinepolis: Saket,48,2018-10-29 17:00:00,VIP,500.00,Filling Fast,08:00 PM,201810292000,night,2018-10-29 17:00:00,N
CIPS,Cinepolis: Saket,81,2018-10-29 17:00:00,VIP,500.00,Almost Full,10:45 PM,201810292245,night,2018-10-29 17:00:00,N
CIPS,Cinepolis: Saket,81,2018-10-29 17:00:00,VIP,500.00,Almost Full,10:45 PM,201810292245,night,2018-10-29 17:00:00,N
CIPS,Cinepolis: Saket,81,2018-10-29 17:00:00,VIP,500.00,Almost Full,10:45 PM,201810292245,night,2018-10-29 17:00:00,N
CIPS,Cinepolis: Saket,81,2018-10-29 17:00:00,VIP,500.00,Almost Full,10:45 PM,201810292245,night,2018-10-29 17:00:00,N
CMWG,"Carnival: MovieWorld, Ghaziabad",93,2018-10-29 17:00:00,EUROPA CLASS,100.00,Available,07:30 PM,201810291930,night,2018-10-29 17:00:00,N
CMWG,"Carnival: MovieWorld, Ghaziabad",93,2018-10-29 17:00:00,EUROPA CLASS,100.00,Available,07:30 PM,201810291930,night,2018-10-29 17:00:00,N
CMWG,"Carnival: MovieWorld, Ghaziabad",93,2018-10-29 17:00:00,EUROPA CLASS,100.00,Available,07:30 PM,201810291930,night,2018-10-29 17:00:00,N
CMWG,"Carnival: MovieWorld, Ghaziabad",93,2018-10-29 17:00:00,EUROPA CLASS,100.00,Available,10:00 PM,201810292200,night,2018-10-29 17:00:00,N
CMWG,"Carnival: MovieWorld, Ghaziabad",93,2018-10-29 17:00:00,EUROPA CLASS,100.00,Available,10:00 PM,201810292200,night,2018-10-29 17:00:00,N
CMWG,"Carnival: MovieWorld, Ghaziabad",93,2018-10-29 17:00:00,EUROPA CLASS,100.00,Available,10:00 PM,201810292200,night,2018-10-29 17:00:00,N
CPGV,"Cinepolis: Grand Venice Mall, Greater Noida",88,2018-10-29 17:00:00,PREMIUM,180.00,Available,05:30 PM,201810291730,evening,2018-10-29 17:00:00,N
CPGV,"Cinepolis: Grand Venice Mall, Greater Noida",88,2018-10-29 17:00:00,PREMIUM,180.00,Available,05:30 PM,201810291730,evening,2018-10-29 17:00:00,N
CPGV,"Cinepolis: Grand Venice Mall, Greater Noida",88,2018-10-29 17:00:00,PREMIUM,180.00,Available,05:30 PM,201810291730,evening,2018-10-29 17:00:00,N
CPGV,"Cinepolis: Grand Venice Mall, Greater Noida",90,2018-10-29 17:00:00,PREMIUM,180.00,Available,08:15 PM,201810292015,night,2018-10-29 17:00:00,N
CPGV,"Cinepolis: Grand Venice Mall, Greater Noida",90,2018-10-29 17:00:00,PREMIUM,180.00,Available,08:15 PM,201810292015,night,2018-10-29 17:00:00,N
CPGV,"Cinepolis: Grand Venice Mall, Greater Noida",90,2018-10-29 17:00:00,PREMIUM,180.00,Available,08:15 PM,201810292015,night,2018-10-29 17:00:00,N
CPGV,"Cinepolis: Grand Venice Mall, Greater Noida",92,2018-10-29 17:00:00,PREMIUM,180.00,Available,11:00 PM,201810292300,night,2018-10-29 17:00:00,N
CPGV,"Cinepolis: Grand Venice Mall, Greater Noida",92,2018-10-29 17:00:00,PREMIUM,180.00,Available,11:00 PM,201810292300,night,2018-10-29 17:00:00,N
CPGV,"Cinepolis: Grand Venice Mall, Greater Noida",92,2018-10-29 17:00:00,PREMIUM,180.00,Available,11:00 PM,201810292300,night,2018-10-29 17:00:00,N
CPUM,"Cinepolis: Unity One Mall Rohini, Delhi",42,2018-10-29 17:00:00,EXECUTIVE,300.00,Filling Fast,06:00 PM,201810291800,evening,2018-10-29 17:00:00,N
CPUM,"Cinepolis: Unity One Mall Rohini, Delhi",42,2018-10-29 17:00:00,EXECUTIVE,300.00,Filling Fast,06:00 PM,201810291800,evening,2018-10-29 17:00:00,N
CPUM,"Cinepolis: Unity One Mall Rohini, Delhi",56,2018-10-29 17:00:00,VIP,400.00,Filling Fast,06:55 PM,201810291855,evening,2018-10-29 17:00:00,N
CPUM,"Cinepolis: Unity One Mall Rohini, Delhi",56,2018-10-29 17:00:00,VIP,400.00,Filling Fast,06:55 PM,201810291855,evening,2018-10-29 17:00:00,N
CPUM,"Cinepolis: Unity One Mall Rohini, Delhi",56,2018-10-29 17:00:00,VIP,400.00,Filling Fast,06:55 PM,201810291855,evening,2018-10-29 17:00:00,N
CPUM,"Cinepolis: Unity One Mall Rohini, Delhi",56,2018-10-29 17:00:00,EXECUTIVE,300.00,Filling Fast,08:45 PM,201810292045,night,2018-10-29 17:00:00,N
CPUM,"Cinepolis: Unity One Mall Rohini, Delhi",56,2018-10-29 17:00:00,EXECUTIVE,300.00,Filling Fast,08:45 PM,201810292045,night,2018-10-29 17:00:00,N
CPUM,"Cinepolis: Unity One Mall Rohini, Delhi",62,2018-10-29 17:00:00,VIP,400.00,Sold Out,09:50 PM,201810292150,night,2018-10-29 17:00:00,N
CPUM,"Cinepolis: Unity One Mall Rohini, Delhi",62,2018-10-29 17:00:00,VIP,400.00,Sold Out,09:50 PM,201810292150,night,2018-10-29 17:00:00,N
CPUM,"Cinepolis: Unity One Mall Rohini, Delhi",62,2018-10-29 17:00:00,VIP,400.00,Sold Out,09:50 PM,201810292150,night,2018-10-29 17:00:00,N
CPUM,"Cinepolis: Unity One Mall Rohini, Delhi",88,2018-10-29 17:00:00,EXECUTIVE,300.00,Available,11:30 PM,201810292330,night,2018-10-29 17:00:00,N
CPUM,"Cinepolis: Unity One Mall Rohini, Delhi",88,2018-10-29 17:00:00,EXECUTIVE,300.00,Available,11:30 PM,201810292330,night,2018-10-29 17:00:00,N
CXRG,"PVR: Pacific, Delhi",47,2018-10-29 17:00:00,RECLINER,575.00,Sold Out,06:45 PM,201810291845,evening,2018-10-29 17:00:00,N
CXRG,"PVR: Pacific, Delhi",47,2018-10-29 17:00:00,RECLINER,575.00,Sold Out,06:45 PM,201810291845,evening,2018-10-29 17:00:00,N
CXRG,"PVR: Pacific, Delhi",47,2018-10-29 17:00:00,RECLINER,575.00,Sold Out,06:45 PM,201810291845,evening,2018-10-29 17:00:00,N
CXRG,"PVR: Pacific, Delhi",47,2018-10-29 17:00:00,RECLINER,575.00,Sold Out,06:45 PM,201810291845,evening,2018-10-29 17:00:00,N
CXRG,"PVR: Pacific, Delhi",52,2018-10-29 17:00:00,RECLINER,575.00,Almost Full,08:00 PM,201810292000,night,2018-10-29 17:00:00,N
CXRG,"PVR: Pacific, Delhi",52,2018-10-29 17:00:00,RECLINER,575.00,Almost Full,08:00 PM,201810292000,night,2018-10-29 17:00:00,N
CXRG,"PVR: Pacific, Delhi",52,2018-10-29 17:00:00,RECLINER,575.00,Almost Full,08:00 PM,201810292000,night,2018-10-29 17:00:00,N
CXRG,"PVR: Pacific, Delhi",52,2018-10-29 17:00:00,RECLINER,575.00,Almost Full,08:00 PM,201810292000,night,2018-10-29 17:00:00,N
CXRG,"PVR: Pacific, Delhi",51,2018-10-29 17:00:00,RECLINER,575.00,Sold Out,09:30 PM,201810292130,night,2018-10-29 17:00:00,N
CXRG,"PVR: Pacific, Delhi",51,2018-10-29 17:00:00,RECLINER,575.00,Sold Out,09:30 PM,201810292130,night,2018-10-29 17:00:00,N
CXRG,"PVR: Pacific, Delhi",51,2018-10-29 17:00:00,RECLINER,575.00,Sold Out,09:30 PM,201810292130,night,2018-10-29 17:00:00,N
CXRG,"PVR: Pacific, Delhi",51,2018-10-29 17:00:00,RECLINER,575.00,Sold Out,09:30 PM,201810292130,night,2018-10-29 17:00:00,N
CXRG,"PVR: Pacific, Delhi",75,2018-10-29 17:00:00,RECLINER,575.00,Sold Out,10:45 PM,201810292245,night,2018-10-29 17:00:00,N
CXRG,"PVR: Pacific, Delhi",75,2018-10-29 17:00:00,RECLINER,575.00,Sold Out,10:45 PM,201810292245,night,2018-10-29 17:00:00,N
CXRG,"PVR: Pacific, Delhi",75,2018-10-29 17:00:00,RECLINER,575.00,Sold Out,10:45 PM,201810292245,night,2018-10-29 17:00:00,N
CXRG,"PVR: Pacific, Delhi",75,2018-10-29 17:00:00,RECLINER,575.00,Sold Out,10:45 PM,201810292245,night,2018-10-29 17:00:00,N
DRKC,M Cinemas: East of Kailash (Gold Class),97,2018-10-29 17:00:00,GOLD,500.00,Available,07:25 PM,201810291925,night,2018-10-29 17:00:00,N
DRKC,M Cinemas: East of Kailash (Gold Class),97,2018-10-29 17:00:00,GOLD,500.00,Available,07:25 PM,201810291925,night,2018-10-29 17:00:00,N
DRKC,M Cinemas: East of Kailash (Gold Class),98,2018-10-29 17:00:00,GOLD,500.00,Available,09:40 PM,201810292140,night,2018-10-29 17:00:00,N
DRKC,M Cinemas: East of Kailash (Gold Class),98,2018-10-29 17:00:00,GOLD,500.00,Available,09:40 PM,201810292140,night,2018-10-29 17:00:00,N
DTCC,"PVR: City Centre, Gurgaon",73,2018-10-29 17:00:00,PRIME.,270.00,Filling Fast,06:15 PM,201810291815,evening,2018-10-29 17:00:00,N
DTCC,"PVR: City Centre, Gurgaon",73,2018-10-29 17:00:00,PRIME.,270.00,Filling Fast,06:15 PM,201810291815,evening,2018-10-29 17:00:00,N
DTCC,"PVR: City Centre, Gurgaon",81,2018-10-29 17:00:00,PRIME.,240.00,Available,09:00 PM,201810292100,night,2018-10-29 17:00:00,N
DTCC,"PVR: City Centre, Gurgaon",81,2018-10-29 17:00:00,PRIME.,240.00,Available,09:00 PM,201810292100,night,2018-10-29 17:00:00,N
DTCC,"PVR: City Centre, Gurgaon",88,2018-10-29 17:00:00,PRIME.,240.00,Available,10:55 PM,201810292255,night,2018-10-29 17:00:00,N
DTCC,"PVR: City Centre, Gurgaon",88,2018-10-29 17:00:00,PRIME.,240.00,Available,10:55 PM,201810292255,night,2018-10-29 17:00:00,N
DTMM,"PVR: Mega Mall, Gurgaon",41,2018-10-29 17:00:00,RECLINER,380.00,Sold Out,07:00 PM,201810291900,night,2018-10-29 17:00:00,N
DTMM,"PVR: Mega Mall, Gurgaon",41,2018-10-29 17:00:00,RECLINER,380.00,Sold Out,07:00 PM,201810291900,night,2018-10-29 17:00:00,N
DTMM,"PVR: Mega Mall, Gurgaon",41,2018-10-29 17:00:00,RECLINER,380.00,Sold Out,07:00 PM,201810291900,night,2018-10-29 17:00:00,N
DTMM,"PVR: Mega Mall, Gurgaon",62,2018-10-29 17:00:00,RECLINER,360.00,Sold Out,09:45 PM,201810292145,night,2018-10-29 17:00:00,N
DTMM,"PVR: Mega Mall, Gurgaon",62,2018-10-29 17:00:00,RECLINER,360.00,Sold Out,09:45 PM,201810292145,night,2018-10-29 17:00:00,N
DTMM,"PVR: Mega Mall, Gurgaon",62,2018-10-29 17:00:00,RECLINER,360.00,Sold Out,09:45 PM,201810292145,night,2018-10-29 17:00:00,N
DTON,PVR ECX Mall Of India: Noida,84,2018-10-29 17:00:00,PRIME..,240.00,Available,06:15 PM,201810291815,evening,2018-10-29 17:00:00,N
DTON,PVR ECX Mall Of India: Noida,84,2018-10-29 17:00:00,PRIME..,240.00,Available,06:15 PM,201810291815,evening,2018-10-29 17:00:00,N
DTON,PVR ECX Mall Of India: Noida,75,2018-10-29 17:00:00,PRIME..,240.00,Filling Fast,07:35 PM,201810291935,night,2018-10-29 17:00:00,N
DTON,PVR ECX Mall Of India: Noida,75,2018-10-29 17:00:00,PRIME..,240.00,Filling Fast,07:35 PM,201810291935,night,2018-10-29 17:00:00,N
DTON,PVR ECX Mall Of India: Noida,77,2018-10-29 17:00:00,PRIME..,210.00,Available,09:00 PM,201810292100,night,2018-10-29 17:00:00,N
DTON,PVR ECX Mall Of India: Noida,77,2018-10-29 17:00:00,PRIME..,210.00,Available,09:00 PM,201810292100,night,2018-10-29 17:00:00,N
DTON,PVR ECX Mall Of India: Noida,88,2018-10-29 17:00:00,PRIME..,210.00,Available,10:20 PM,201810292220,night,2018-10-29 17:00:00,N
DTON,PVR ECX Mall Of India: Noida,88,2018-10-29 17:00:00,PRIME..,210.00,Available,10:20 PM,201810292220,night,2018-10-29 17:00:00,N
DTSB,PVR: Shalimar Bagh,50,2018-10-29 17:00:00,PRIME,225.00,Almost Full,06:15 PM,201810291815,evening,2018-10-29 17:00:00,N
DTSB,PVR: Shalimar Bagh,50,2018-10-29 17:00:00,PRIME,225.00,Almost Full,06:15 PM,201810291815,evening,2018-10-29 17:00:00,N
DTSB,PVR: Shalimar Bagh,46,2018-10-29 17:00:00,PRIME,225.00,Almost Full,07:45 PM,201810291945,night,2018-10-29 17:00:00,N
DTSB,PVR: Shalimar Bagh,46,2018-10-29 17:00:00,PRIME,225.00,Almost Full,07:45 PM,201810291945,night,2018-10-29 17:00:00,N
DTSB,PVR: Shalimar Bagh,47,2018-10-29 17:00:00,PRIME,225.00,Almost Full,09:00 PM,201810292100,night,2018-10-29 17:00:00,N
DTSB,PVR: Shalimar Bagh,47,2018-10-29 17:00:00,PRIME,225.00,Almost Full,09:00 PM,201810292100,night,2018-10-29 17:00:00,N
DTSB,PVR: Shalimar Bagh,83,2018-10-29 17:00:00,PRIME,225.00,Filling Fast,10:30 PM,201810292230,night,2018-10-29 17:00:00,N
DTSB,PVR: Shalimar Bagh,83,2018-10-29 17:00:00,PRIME,225.00,Filling Fast,10:30 PM,201810292230,night,2018-10-29 17:00:00,N
DTSG,"PVR: Star Mall, Gurgaon",79,2018-10-29 17:00:00,PRIME.,230.00,Available,06:45 PM,201810291845,evening,2018-10-29 17:00:00,N
DTSG,"PVR: Star Mall, Gurgaon",79,2018-10-29 17:00:00,PRIME.,230.00,Available,06:45 PM,201810291845,evening,2018-10-29 17:00:00,N
DTSG,"PVR: Star Mall, Gurgaon",86,2018-10-29 17:00:00,PRIME.,220.00,Available,09:30 PM,201810292130,night,2018-10-29 17:00:00,N
DTSG,"PVR: Star Mall, Gurgaon",86,2018-10-29 17:00:00,PRIME.,220.00,Available,09:30 PM,201810292130,night,2018-10-29 17:00:00,N
DTSG,"PVR: Star Mall, Gurgaon",100,2018-10-29 17:00:00,PRIME.,220.00,Available,10:30 PM,201810292230,night,2018-10-29 17:00:00,N
DTSG,"PVR: Star Mall, Gurgaon",100,2018-10-29 17:00:00,PRIME.,220.00,Available,10:30 PM,201810292230,night,2018-10-29 17:00:00,N
DTVK,PVR Promenade: Vasant Kunj,61,2018-10-29 17:00:00,PRIME.,375.00,Sold Out,06:45 PM,201810291845,evening,2018-10-29 17:00:00,N
DTVK,PVR Promenade: Vasant Kunj,61,2018-10-29 17:00:00,PRIME.,375.00,Sold Out,06:45 PM,201810291845,evening,2018-10-29 17:00:00,N
DTVK,PVR Promenade: Vasant Kunj,72,2018-10-29 17:00:00,PRIME.,375.00,Almost Full,08:00 PM,201810292000,night,2018-10-29 17:00:00,N
DTVK,PVR Promenade: Vasant Kunj,72,2018-10-29 17:00:00,PRIME.,375.00,Almost Full,08:00 PM,201810292000,night,2018-10-29 17:00:00,N
DTVK,PVR Promenade: Vasant Kunj,91,2018-10-29 17:00:00,PRIME.,375.00,Available,10:45 PM,201810292245,night,2018-10-29 17:00:00,N
DTVK,PVR Promenade: Vasant Kunj,91,2018-10-29 17:00:00,PRIME.,375.00,Available,10:45 PM,201810292245,night,2018-10-29 17:00:00,N
DVDC,Delite Cinema: Asaf Ali Road,88,2018-10-29 17:00:00,LOWER STALL,90.00,Available,06:30 PM,201810291810,evening,2018-10-29 17:00:00,N
DVDC,Delite Cinema: Asaf Ali Road,88,2018-10-29 17:00:00,LOWER STALL,90.00,Available,06:30 PM,201810291810,evening,2018-10-29 17:00:00,N
DVDC,Delite Cinema: Asaf Ali Road,88,2018-10-29 17:00:00,LOWER STALL,90.00,Available,06:30 PM,201810291810,evening,2018-10-29 17:00:00,N
DVDC,Delite Cinema: Asaf Ali Road,88,2018-10-29 17:00:00,LOWER STALL,90.00,Available,06:30 PM,201810291810,evening,2018-10-29 17:00:00,N
DVDC,Delite Cinema: Asaf Ali Road,100,2018-10-29 17:00:00,LOWER STALL,90.00,Available,09:30 PM,201810292110,night,2018-10-29 17:00:00,N
DVDC,Delite Cinema: Asaf Ali Road,100,2018-10-29 17:00:00,LOWER STALL,90.00,Available,09:30 PM,201810292110,night,2018-10-29 17:00:00,N
DVDC,Delite Cinema: Asaf Ali Road,100,2018-10-29 17:00:00,LOWER STALL,90.00,Available,09:30 PM,201810292110,night,2018-10-29 17:00:00,N
DVDC,Delite Cinema: Asaf Ali Road,100,2018-10-29 17:00:00,LOWER STALL,90.00,Available,09:30 PM,201810292110,night,2018-10-29 17:00:00,N
EROS,INOX Eros One: Jangpura Extn,71,2018-10-29 17:00:00,PREMIUM,200.00,Available,07:55 PM,201810291955,night,2018-10-29 17:00:00,N
EROS,INOX Eros One: Jangpura Extn,71,2018-10-29 17:00:00,PREMIUM,200.00,Available,07:55 PM,201810291955,night,2018-10-29 17:00:00,N
FCWS,"Carnival: World Square Mall, Ghaziabad",91,2018-10-29 17:00:00,SILVER,140.00,Available,07:30 PM,201810291930,night,2018-10-29 17:00:00,N
FCWS,"Carnival: World Square Mall, Ghaziabad",91,2018-10-29 17:00:00,SILVER,140.00,Available,07:30 PM,201810291930,night,2018-10-29 17:00:00,N
FCWS,"Carnival: World Square Mall, Ghaziabad",91,2018-10-29 17:00:00,SILVER,140.00,Available,07:30 PM,201810291930,night,2018-10-29 17:00:00,N
FCWS,"Carnival: World Square Mall, Ghaziabad",92,2018-10-29 17:00:00,SILVER,140.00,Available,09:00 PM,201810292100,night,2018-10-29 17:00:00,N
FCWS,"Carnival: World Square Mall, Ghaziabad",92,2018-10-29 17:00:00,SILVER,140.00,Available,09:00 PM,201810292100,night,2018-10-29 17:00:00,N
FCWS,"Carnival: World Square Mall, Ghaziabad",92,2018-10-29 17:00:00,SILVER,140.00,Available,09:00 PM,201810292100,night,2018-10-29 17:00:00,N
FCWS,"Carnival: World Square Mall, Ghaziabad",94,2018-10-29 17:00:00,SILVER,140.00,Available,10:00 PM,201810292200,night,2018-10-29 17:00:00,N
FCWS,"Carnival: World Square Mall, Ghaziabad",94,2018-10-29 17:00:00,SILVER,140.00,Available,10:00 PM,201810292200,night,2018-10-29 17:00:00,N
FCWS,"Carnival: World Square Mall, Ghaziabad",94,2018-10-29 17:00:00,SILVER,140.00,Available,10:00 PM,201810292200,night,2018-10-29 17:00:00,N
FNLN,"Cinepolis: V3S Mall, Laxmi Nagar",62,2018-10-29 17:00:00,EXECUTIVE,220.00,Filling Fast,05:35 PM,201810291735,evening,2018-10-29 17:00:00,N
FNLN,"Cinepolis: V3S Mall, Laxmi Nagar",62,2018-10-29 17:00:00,EXECUTIVE,220.00,Filling Fast,05:35 PM,201810291735,evening,2018-10-29 17:00:00,N
FNLN,"Cinepolis: V3S Mall, Laxmi Nagar",64,2018-10-29 17:00:00,EXECUTIVE,220.00,Filling Fast,08:20 PM,201810292020,night,2018-10-29 17:00:00,N
FNLN,"Cinepolis: V3S Mall, Laxmi Nagar",64,2018-10-29 17:00:00,EXECUTIVE,220.00,Filling Fast,08:20 PM,201810292020,night,2018-10-29 17:00:00,N
FNLN,"Cinepolis: V3S Mall, Laxmi Nagar",87,2018-10-29 17:00:00,EXECUTIVE,220.00,Available,11:05 PM,201810292305,night,2018-10-29 17:00:00,N
FNLN,"Cinepolis: V3S Mall, Laxmi Nagar",87,2018-10-29 17:00:00,EXECUTIVE,220.00,Available,11:05 PM,201810292305,night,2018-10-29 17:00:00,N
FNMT,"Fun Cinemas: TDI Mall, Moti Nagar",79,2018-10-29 17:00:00,EXECUTIVE,190.00,Available,05:35 PM,201810291735,evening,2018-10-29 17:00:00,N
FNMT,"Fun Cinemas: TDI Mall, Moti Nagar",79,2018-10-29 17:00:00,EXECUTIVE,190.00,Available,05:35 PM,201810291735,evening,2018-10-29 17:00:00,N
FNMT,"Fun Cinemas: TDI Mall, Moti Nagar",87,2018-10-29 17:00:00,EXECUTIVE,190.00,Available,08:20 PM,201810292020,night,2018-10-29 17:00:00,N
FNMT,"Fun Cinemas: TDI Mall, Moti Nagar",87,2018-10-29 17:00:00,EXECUTIVE,190.00,Available,08:20 PM,201810292020,night,2018-10-29 17:00:00,N
FNMT,"Fun Cinemas: TDI Mall, Moti Nagar",87,2018-10-29 17:00:00,EXECUTIVE,190.00,Available,08:25 PM,201810292025,night,2018-10-29 17:00:00,N
FNMT,"Fun Cinemas: TDI Mall, Moti Nagar",87,2018-10-29 17:00:00,EXECUTIVE,190.00,Available,08:25 PM,201810292025,night,2018-10-29 17:00:00,N
FNMT,"Fun Cinemas: TDI Mall, Moti Nagar",93,2018-10-29 17:00:00,EXECUTIVE,190.00,Available,11:05 PM,201810292305,night,2018-10-29 17:00:00,N
FNMT,"Fun Cinemas: TDI Mall, Moti Nagar",93,2018-10-29 17:00:00,EXECUTIVE,190.00,Available,11:05 PM,201810292305,night,2018-10-29 17:00:00,N
FNPP,"Fun Cinemas: North Square Mall, Pitampura",85,2018-10-29 17:00:00,EXECUTIVE,160.00,Available,05:35 PM,201810291735,evening,2018-10-29 17:00:00,N
FNPP,"Fun Cinemas: North Square Mall, Pitampura",85,2018-10-29 17:00:00,EXECUTIVE,160.00,Available,05:35 PM,201810291735,evening,2018-10-29 17:00:00,N
FNPP,"Fun Cinemas: North Square Mall, Pitampura",67,2018-10-29 17:00:00,EXECUTIVE,160.00,Filling Fast,07:15 PM,201810291915,night,2018-10-29 17:00:00,N
FNPP,"Fun Cinemas: North Square Mall, Pitampura",67,2018-10-29 17:00:00,EXECUTIVE,160.00,Filling Fast,07:15 PM,201810291915,night,2018-10-29 17:00:00,N
FNPP,"Fun Cinemas: North Square Mall, Pitampura",88,2018-10-29 17:00:00,EXECUTIVE,160.00,Available,08:20 PM,201810292020,night,2018-10-29 17:00:00,N
FNPP,"Fun Cinemas: North Square Mall, Pitampura",88,2018-10-29 17:00:00,EXECUTIVE,160.00,Available,08:20 PM,201810292020,night,2018-10-29 17:00:00,N
FNPP,"Fun Cinemas: North Square Mall, Pitampura",66,2018-10-29 17:00:00,EXECUTIVE,130.00,Filling Fast,10:00 PM,201810292200,night,2018-10-29 17:00:00,N
FNPP,"Fun Cinemas: North Square Mall, Pitampura",66,2018-10-29 17:00:00,EXECUTIVE,130.00,Filling Fast,10:00 PM,201810292200,night,2018-10-29 17:00:00,N
FNPP,"Fun Cinemas: North Square Mall, Pitampura",91,2018-10-29 17:00:00,EXECUTIVE,130.00,Available,11:05 PM,201810292305,night,2018-10-29 17:00:00,N
FNPP,"Fun Cinemas: North Square Mall, Pitampura",91,2018-10-29 17:00:00,EXECUTIVE,130.00,Available,11:05 PM,201810292305,night,2018-10-29 17:00:00,N
FNSD,"Cinepolis: Cross River Mall, Shahdara",71,2018-10-29 17:00:00,VIP,300.00,Sold Out,07:15 PM,201810291915,night,2018-10-29 17:00:00,N
FNSD,"Cinepolis: Cross River Mall, Shahdara",71,2018-10-29 17:00:00,VIP,300.00,Sold Out,07:15 PM,201810291915,night,2018-10-29 17:00:00,N
FNSD,"Cinepolis: Cross River Mall, Shahdara",71,2018-10-29 17:00:00,VIP,300.00,Sold Out,07:15 PM,201810291915,night,2018-10-29 17:00:00,N
FNSD,"Cinepolis: Cross River Mall, Shahdara",81,2018-10-29 17:00:00,VIP,300.00,Sold Out,08:05 PM,201810292005,night,2018-10-29 17:00:00,N
FNSD,"Cinepolis: Cross River Mall, Shahdara",81,2018-10-29 17:00:00,VIP,300.00,Sold Out,08:05 PM,201810292005,night,2018-10-29 17:00:00,N
FNSD,"Cinepolis: Cross River Mall, Shahdara",81,2018-10-29 17:00:00,VIP,300.00,Sold Out,08:05 PM,201810292005,night,2018-10-29 17:00:00,N
FNSD,"Cinepolis: Cross River Mall, Shahdara",88,2018-10-29 17:00:00,VIP,300.00,Sold Out,10:55 PM,201810292255,night,2018-10-29 17:00:00,N
FNSD,"Cinepolis: Cross River Mall, Shahdara",88,2018-10-29 17:00:00,VIP,300.00,Sold Out,10:55 PM,201810292255,night,2018-10-29 17:00:00,N
FNSD,"Cinepolis: Cross River Mall, Shahdara",88,2018-10-29 17:00:00,VIP,300.00,Sold Out,10:55 PM,201810292255,night,2018-10-29 17:00:00,N
G3SR,G3S Cinema: Rohini,73,2018-10-29 17:00:00,SILVER,160.00,Available,08:00 PM,201810291935,night,2018-10-29 17:00:00,N
G3SR,G3S Cinema: Rohini,73,2018-10-29 17:00:00,SILVER,160.00,Available,08:00 PM,201810291935,night,2018-10-29 17:00:00,N
G3SR,G3S Cinema: Rohini,77,2018-10-29 17:00:00,SILVER,130.00,Available,10:45 PM,201810292220,night,2018-10-29 17:00:00,N
G3SR,G3S Cinema: Rohini,77,2018-10-29 17:00:00,SILVER,130.00,Available,10:45 PM,201810292220,night,2018-10-29 17:00:00,N
GMGX,Galaxie Multiplex: Ghaziabad,99,2018-10-29 17:00:00,Klassic,100.00,Available,07:30 PM,201810291900,night,2018-10-29 17:00:00,N
GMGX,Galaxie Multiplex: Ghaziabad,99,2018-10-29 17:00:00,Klassic,100.00,Available,07:30 PM,201810291900,night,2018-10-29 17:00:00,N
GMGX,Galaxie Multiplex: Ghaziabad,100,2018-10-29 17:00:00,Klassic,100.00,Available,09:15 PM,201810292045,night,2018-10-29 17:00:00,N
GMGX,Galaxie Multiplex: Ghaziabad,100,2018-10-29 17:00:00,Klassic,100.00,Available,09:15 PM,201810292045,night,2018-10-29 17:00:00,N
GMGX,Galaxie Multiplex: Ghaziabad,100,2018-10-29 17:00:00,Klassic,100.00,Available,10:15 PM,201810292145,night,2018-10-29 17:00:00,N
GMGX,Galaxie Multiplex: Ghaziabad,100,2018-10-29 17:00:00,Klassic,100.00,Available,10:15 PM,201810292145,night,2018-10-29 17:00:00,N
IDEN,"INOX: Insignia At Epicuria, Nehru Place",83,2018-10-29 17:00:00,Insignia,900.00,Available,06:10 PM,201810291810,evening,2018-10-29 17:00:00,N
IDEN,"INOX: Insignia At Epicuria, Nehru Place",83,2018-10-29 17:00:00,Insignia,900.00,Available,08:50 PM,201810292050,night,2018-10-29 17:00:00,N
IDEN,"INOX: Insignia At Epicuria, Nehru Place",83,2018-10-29 17:00:00,Insignia,900.00,Available,11:30 PM,201810292330,night,2018-10-29 17:00:00,N
IEFM,"INOX: EF3 Mall, Faridabad",70,2018-10-29 17:00:00,EXECUTIVE,80.00,Available,05:20 PM,201810291720,evening,2018-10-29 17:00:00,N
IEFM,"INOX: EF3 Mall, Faridabad",70,2018-10-29 17:00:00,EXECUTIVE,80.00,Available,05:20 PM,201810291720,evening,2018-10-29 17:00:00,N
IEFM,"INOX: EF3 Mall, Faridabad",70,2018-10-29 17:00:00,EXECUTIVE,80.00,Available,05:20 PM,201810291720,evening,2018-10-29 17:00:00,N
IEFM,"INOX: EF3 Mall, Faridabad",70,2018-10-29 17:00:00,EXECUTIVE,80.00,Available,05:20 PM,201810291720,evening,2018-10-29 17:00:00,N
IEFM,"INOX: EF3 Mall, Faridabad",82,2018-10-29 17:00:00,EXECUTIVE,80.00,Available,08:05 PM,201810292005,night,2018-10-29 17:00:00,N
IEFM,"INOX: EF3 Mall, Faridabad",82,2018-10-29 17:00:00,EXECUTIVE,80.00,Available,08:05 PM,201810292005,night,2018-10-29 17:00:00,N
IEFM,"INOX: EF3 Mall, Faridabad",82,2018-10-29 17:00:00,EXECUTIVE,80.00,Available,08:05 PM,201810292005,night,2018-10-29 17:00:00,N
IEFM,"INOX: EF3 Mall, Faridabad",82,2018-10-29 17:00:00,EXECUTIVE,80.00,Available,08:05 PM,201810292005,night,2018-10-29 17:00:00,N
IEFM,"INOX: EF3 Mall, Faridabad",95,2018-10-29 17:00:00,EXECUTIVE,80.00,Available,09:50 PM,201810292150,night,2018-10-29 17:00:00,N
IEFM,"INOX: EF3 Mall, Faridabad",95,2018-10-29 17:00:00,EXECUTIVE,80.00,Available,09:50 PM,201810292150,night,2018-10-29 17:00:00,N
IEFM,"INOX: EF3 Mall, Faridabad",95,2018-10-29 17:00:00,EXECUTIVE,80.00,Available,09:50 PM,201810292150,night,2018-10-29 17:00:00,N
IEFM,"INOX: EF3 Mall, Faridabad",96,2018-10-29 17:00:00,EXECUTIVE,80.00,Available,10:50 PM,201810292250,night,2018-10-29 17:00:00,N
IEFM,"INOX: EF3 Mall, Faridabad",96,2018-10-29 17:00:00,EXECUTIVE,80.00,Available,10:50 PM,201810292250,night,2018-10-29 17:00:00,N
IEFM,"INOX: EF3 Mall, Faridabad",96,2018-10-29 17:00:00,EXECUTIVE,80.00,Available,10:50 PM,201810292250,night,2018-10-29 17:00:00,N
IEFM,"INOX: EF3 Mall, Faridabad",96,2018-10-29 17:00:00,EXECUTIVE,80.00,Available,10:50 PM,201810292250,night,2018-10-29 17:00:00,N
INDG,INOX: Gurgaon Dreamz,79,2018-10-29 17:00:00,Executive,180.00,Available,05:30 PM,201810291730,evening,2018-10-29 17:00:00,N
INDG,INOX: Gurgaon Dreamz,79,2018-10-29 17:00:00,Executive,180.00,Available,05:30 PM,201810291730,evening,2018-10-29 17:00:00,N
INDG,INOX: Gurgaon Dreamz,79,2018-10-29 17:00:00,Executive,180.00,Available,05:30 PM,201810291730,evening,2018-10-29 17:00:00,N
INDG,INOX: Gurgaon Dreamz,84,2018-10-29 17:00:00,Executive,180.00,Available,08:10 PM,201810292010,night,2018-10-29 17:00:00,N
INDG,INOX: Gurgaon Dreamz,84,2018-10-29 17:00:00,Executive,180.00,Available,08:10 PM,201810292010,night,2018-10-29 17:00:00,N
INDG,INOX: Gurgaon Dreamz,84,2018-10-29 17:00:00,Executive,180.00,Available,08:10 PM,201810292010,night,2018-10-29 17:00:00,N
INDG,INOX: Gurgaon Dreamz,79,2018-10-29 17:00:00,Executive,180.00,Available,09:40 PM,201810292140,night,2018-10-29 17:00:00,N
INDG,INOX: Gurgaon Dreamz,79,2018-10-29 17:00:00,Executive,180.00,Available,09:40 PM,201810292140,night,2018-10-29 17:00:00,N
INDG,INOX: Gurgaon Dreamz,79,2018-10-29 17:00:00,Executive,180.00,Available,09:40 PM,201810292140,night,2018-10-29 17:00:00,N
INDG,INOX: Gurgaon Dreamz,96,2018-10-29 17:00:00,Executive,180.00,Available,10:50 PM,201810292250,night,2018-10-29 17:00:00,N
INDG,INOX: Gurgaon Dreamz,96,2018-10-29 17:00:00,Executive,180.00,Available,10:50 PM,201810292250,night,2018-10-29 17:00:00,N
INDG,INOX: Gurgaon Dreamz,96,2018-10-29 17:00:00,Executive,180.00,Available,10:50 PM,201810292250,night,2018-10-29 17:00:00,N
INFR,"INOX: Crown Interiorz Mall, Delhi Mathura Road",90,2018-10-29 17:00:00,EXECUTIVE,180.00,Available,06:10 PM,201810291810,evening,2018-10-29 17:00:00,N
INFR,"INOX: Crown Interiorz Mall, Delhi Mathura Road",90,2018-10-29 17:00:00,EXECUTIVE,180.00,Available,06:10 PM,201810291810,evening,2018-10-29 17:00:00,N
INFR,"INOX: Crown Interiorz Mall, Delhi Mathura Road",92,2018-10-29 17:00:00,EXECUTIVE,180.00,Available,08:00 PM,201810292000,night,2018-10-29 17:00:00,N
INFR,"INOX: Crown Interiorz Mall, Delhi Mathura Road",92,2018-10-29 17:00:00,EXECUTIVE,180.00,Available,08:00 PM,201810292000,night,2018-10-29 17:00:00,N
INFR,"INOX: Crown Interiorz Mall, Delhi Mathura Road",96,2018-10-29 17:00:00,EXECUTIVE,180.00,Available,10:40 PM,201810292240,night,2018-10-29 17:00:00,N
INFR,"INOX: Crown Interiorz Mall, Delhi Mathura Road",96,2018-10-29 17:00:00,EXECUTIVE,180.00,Available,10:40 PM,201810292240,night,2018-10-29 17:00:00,N
INGN,"INOX: MSX Mall, Greater Noida",92,2018-10-29 17:00:00,CLUB,150.00,Available,06:15 PM,201810291815,evening,2018-10-29 17:00:00,N
INGN,"INOX: MSX Mall, Greater Noida",92,2018-10-29 17:00:00,CLUB,150.00,Available,06:15 PM,201810291815,evening,2018-10-29 17:00:00,N
INGN,"INOX: MSX Mall, Greater Noida",92,2018-10-29 17:00:00,CLUB,150.00,Available,06:15 PM,201810291815,evening,2018-10-29 17:00:00,N
INGN,"INOX: MSX Mall, Greater Noida",95,2018-10-29 17:00:00,CLUB,150.00,Available,09:00 PM,201810292100,night,2018-10-29 17:00:00,N
INGN,"INOX: MSX Mall, Greater Noida",95,2018-10-29 17:00:00,CLUB,150.00,Available,09:00 PM,201810292100,night,2018-10-29 17:00:00,N
INGN,"INOX: MSX Mall, Greater Noida",95,2018-10-29 17:00:00,CLUB,150.00,Available,09:00 PM,201810292100,night,2018-10-29 17:00:00,N
INGN,"INOX: MSX Mall, Greater Noida",95,2018-10-29 17:00:00,CLUB,150.00,Available,10:00 PM,201810292200,night,2018-10-29 17:00:00,N
INGN,"INOX: MSX Mall, Greater Noida",95,2018-10-29 17:00:00,CLUB,150.00,Available,10:00 PM,201810292200,night,2018-10-29 17:00:00,N
INGN,"INOX: MSX Mall, Greater Noida",95,2018-10-29 17:00:00,CLUB,150.00,Available,10:00 PM,201810292200,night,2018-10-29 17:00:00,N
IOMG,"INOX: Omaxe Connaught Place Mall, Greater Noida",96,2018-10-29 17:00:00,Club,170.00,Available,07:30 PM,201810291930,night,2018-10-29 17:00:00,N
IOMG,"INOX: Omaxe Connaught Place Mall, Greater Noida",96,2018-10-29 17:00:00,Club,170.00,Available,07:30 PM,201810291930,night,2018-10-29 17:00:00,N
IOMG,"INOX: Omaxe Connaught Place Mall, Greater Noida",96,2018-10-29 17:00:00,Club,170.00,Available,07:30 PM,201810291930,night,2018-10-29 17:00:00,N
IOMG,"INOX: Omaxe Connaught Place Mall, Greater Noida",86,2018-10-29 17:00:00,Insignia,400.00,Available,09:00 PM,201810292100,night,2018-10-29 17:00:00,N
IOMG,"INOX: Omaxe Connaught Place Mall, Greater Noida",96,2018-10-29 17:00:00,Club,170.00,Available,10:15 PM,201810292215,night,2018-10-29 17:00:00,N
IOMG,"INOX: Omaxe Connaught Place Mall, Greater Noida",96,2018-10-29 17:00:00,Club,170.00,Available,10:15 PM,201810292215,night,2018-10-29 17:00:00,N
IOMG,"INOX: Omaxe Connaught Place Mall, Greater Noida",96,2018-10-29 17:00:00,Club,170.00,Available,10:15 PM,201810292215,night,2018-10-29 17:00:00,N
ISMG,"INOX: Shipra Mall, Ghaziabad",88,2018-10-29 17:00:00,CS,160.00,Available,07:35 PM,201810291935,night,2018-10-29 17:00:00,N
ISMG,"INOX: Shipra Mall, Ghaziabad",88,2018-10-29 17:00:00,CS,160.00,Available,07:35 PM,201810291935,night,2018-10-29 17:00:00,N
ISMG,"INOX: Shipra Mall, Ghaziabad",88,2018-10-29 17:00:00,CS,160.00,Available,07:35 PM,201810291935,night,2018-10-29 17:00:00,N
ISMG,"INOX: Shipra Mall, Ghaziabad",93,2018-10-29 17:00:00,CS,160.00,Available,10:15 PM,201810292215,night,2018-10-29 17:00:00,N
ISMG,"INOX: Shipra Mall, Ghaziabad",93,2018-10-29 17:00:00,CS,160.00,Available,10:15 PM,201810292215,night,2018-10-29 17:00:00,N
ISMG,"INOX: Shipra Mall, Ghaziabad",93,2018-10-29 17:00:00,CS,160.00,Available,10:15 PM,201810292215,night,2018-10-29 17:00:00,N
ISML,INOX: Gurgaon Sapphire 83,84,2018-10-29 17:00:00,Club,150.00,Available,05:30 PM,201810291730,evening,2018-10-29 17:00:00,N
ISML,INOX: Gurgaon Sapphire 83,84,2018-10-29 17:00:00,Club,150.00,Available,05:30 PM,201810291730,evening,2018-10-29 17:00:00,N
ISML,INOX: Gurgaon Sapphire 83,84,2018-10-29 17:00:00,Club,150.00,Available,05:30 PM,201810291730,evening,2018-10-29 17:00:00,N
ISML,INOX: Gurgaon Sapphire 83,87,2018-10-29 17:00:00,Club,150.00,Available,08:10 PM,201810292010,night,2018-10-29 17:00:00,N
ISML,INOX: Gurgaon Sapphire 83,87,2018-10-29 17:00:00,Club,150.00,Available,08:10 PM,201810292010,night,2018-10-29 17:00:00,N
ISML,INOX: Gurgaon Sapphire 83,87,2018-10-29 17:00:00,Club,150.00,Available,08:10 PM,201810292010,night,2018-10-29 17:00:00,N
ISML,INOX: Gurgaon Sapphire 83,95,2018-10-29 17:00:00,Club,150.00,Available,09:50 PM,201810292150,night,2018-10-29 17:00:00,N
ISML,INOX: Gurgaon Sapphire 83,95,2018-10-29 17:00:00,Club,150.00,Available,09:50 PM,201810292150,night,2018-10-29 17:00:00,N
ISML,INOX: Gurgaon Sapphire 83,95,2018-10-29 17:00:00,Club,150.00,Available,09:50 PM,201810292150,night,2018-10-29 17:00:00,N
ISML,INOX: Gurgaon Sapphire 83,96,2018-10-29 17:00:00,Club,150.00,Available,10:50 PM,201810292250,night,2018-10-29 17:00:00,N
ISML,INOX: Gurgaon Sapphire 83,96,2018-10-29 17:00:00,Club,150.00,Available,10:50 PM,201810292250,night,2018-10-29 17:00:00,N
ISML,INOX: Gurgaon Sapphire 83,96,2018-10-29 17:00:00,Club,150.00,Available,10:50 PM,201810292250,night,2018-10-29 17:00:00,N
LBDL,Liberty Cinema: Karol Bagh,80,2018-10-29 17:00:00,LOWER STALL,80.00,Available,06:30 PM,201810291800,evening,2018-10-29 17:00:00,N
LBDL,Liberty Cinema: Karol Bagh,80,2018-10-29 17:00:00,LOWER STALL,80.00,Available,06:30 PM,201810291800,evening,2018-10-29 17:00:00,N
LBDL,Liberty Cinema: Karol Bagh,80,2018-10-29 17:00:00,LOWER STALL,80.00,Available,06:30 PM,201810291800,evening,2018-10-29 17:00:00,N
LBDL,Liberty Cinema: Karol Bagh,80,2018-10-29 17:00:00,LOWER STALL,80.00,Available,06:30 PM,201810291800,evening,2018-10-29 17:00:00,N
LBDL,Liberty Cinema: Karol Bagh,87,2018-10-29 17:00:00,LOWER STALL,80.00,Available,09:45 PM,201810292115,night,2018-10-29 17:00:00,N
LBDL,Liberty Cinema: Karol Bagh,87,2018-10-29 17:00:00,LOWER STALL,80.00,Available,09:45 PM,201810292115,night,2018-10-29 17:00:00,N
LBDL,Liberty Cinema: Karol Bagh,87,2018-10-29 17:00:00,LOWER STALL,80.00,Available,09:45 PM,201810292115,night,2018-10-29 17:00:00,N
LBDL,Liberty Cinema: Karol Bagh,87,2018-10-29 17:00:00,LOWER STALL,80.00,Available,09:45 PM,201810292115,night,2018-10-29 17:00:00,N
M2PP,M2K: Pitampura,79,2018-10-29 17:00:00,PLATINUM,500.00,Available,05:35 PM,201810291725,evening,2018-10-29 17:00:00,N
M2PP,M2K: Pitampura,79,2018-10-29 17:00:00,PLATINUM,500.00,Available,05:35 PM,201810291725,evening,2018-10-29 17:00:00,N
M2PP,M2K: Pitampura,79,2018-10-29 17:00:00,PLATINUM,500.00,Available,05:35 PM,201810291725,evening,2018-10-29 17:00:00,N
M2PP,M2K: Pitampura,69,2018-10-29 17:00:00,PLATINUM,500.00,Available,08:10 PM,201810292000,night,2018-10-29 17:00:00,N
M2PP,M2K: Pitampura,69,2018-10-29 17:00:00,PLATINUM,500.00,Available,08:10 PM,201810292000,night,2018-10-29 17:00:00,N
M2PP,M2K: Pitampura,69,2018-10-29 17:00:00,PLATINUM,500.00,Available,08:10 PM,201810292000,night,2018-10-29 17:00:00,N
M2PP,M2K: Pitampura,88,2018-10-29 17:00:00,PLATINUM,500.00,Available,10:55 PM,201810292245,night,2018-10-29 17:00:00,N
M2PP,M2K: Pitampura,88,2018-10-29 17:00:00,PLATINUM,500.00,Available,10:55 PM,201810292245,night,2018-10-29 17:00:00,N
M2PP,M2K: Pitampura,88,2018-10-29 17:00:00,PLATINUM,500.00,Available,10:55 PM,201810292245,night,2018-10-29 17:00:00,N
M2RH,M2K: Rohini,66,2018-10-29 17:00:00,GOLD,250.00,Available,05:35 PM,201810291725,evening,2018-10-29 17:00:00,N
M2RH,M2K: Rohini,66,2018-10-29 17:00:00,GOLD,250.00,Available,05:35 PM,201810291725,evening,2018-10-29 17:00:00,N
M2RH,M2K: Rohini,57,2018-10-29 17:00:00,GOLD,250.00,Almost Full,08:10 PM,201810292000,night,2018-10-29 17:00:00,N
M2RH,M2K: Rohini,57,2018-10-29 17:00:00,GOLD,250.00,Almost Full,08:10 PM,201810292000,night,2018-10-29 17:00:00,N
M2RH,M2K: Rohini,92,2018-10-29 17:00:00,GOLD,200.00,Available,10:55 PM,201810292245,night,2018-10-29 17:00:00,N
M2RH,M2K: Rohini,92,2018-10-29 17:00:00,GOLD,200.00,Available,10:55 PM,201810292245,night,2018-10-29 17:00:00,N
MAKS,"Mukta A2 Cinemas: Parker Mall, Kundli",93,2018-10-29 17:00:00,SILVER,100.00,Available,06:10 PM,201810291810,evening,2018-10-29 17:00:00,N
MAKS,"Mukta A2 Cinemas: Parker Mall, Kundli",93,2018-10-29 17:00:00,SILVER,100.00,Available,06:10 PM,201810291810,evening,2018-10-29 17:00:00,N
MAKS,"Mukta A2 Cinemas: Parker Mall, Kundli",93,2018-10-29 17:00:00,SILVER,100.00,Available,09:15 PM,201810292115,night,2018-10-29 17:00:00,N
MAKS,"Mukta A2 Cinemas: Parker Mall, Kundli",93,2018-10-29 17:00:00,SILVER,100.00,Available,09:15 PM,201810292115,night,2018-10-29 17:00:00,N
MAKS,"Mukta A2 Cinemas: Parker Mall, Kundli",93,2018-10-29 17:00:00,SILVER,100.00,Available,10:00 PM,201810292200,night,2018-10-29 17:00:00,N
MAKS,"Mukta A2 Cinemas: Parker Mall, Kundli",93,2018-10-29 17:00:00,SILVER,100.00,Available,10:00 PM,201810292200,night,2018-10-29 17:00:00,N
MCDE,Miraj Cinemas: Subhash Nagar,89,2018-10-29 17:00:00,SILVER,220.00,Available,08:00 PM,201810292000,night,2018-10-29 17:00:00,N
MCDE,Miraj Cinemas: Subhash Nagar,89,2018-10-29 17:00:00,SILVER,220.00,Available,08:00 PM,201810292000,night,2018-10-29 17:00:00,N
MCDE,Miraj Cinemas: Subhash Nagar,100,2018-10-29 17:00:00,SILVER,220.00,Available,10:45 PM,201810292245,night,2018-10-29 17:00:00,N
MCDE,Miraj Cinemas: Subhash Nagar,100,2018-10-29 17:00:00,SILVER,220.00,Available,10:45 PM,201810292245,night,2018-10-29 17:00:00,N
MCGZ,Miraj Chaudhary Cinemas: Ghaziabad,100,2018-10-29 17:00:00,DIAMOND,115.00,Available,07:30 PM,201810291930,night,2018-10-29 17:00:00,N
MIMU,"Miraj Cinemas: M4U, Sahibabad",93,2018-10-29 17:00:00,EXECUTIVE,100.00,Available,07:30 PM,201810291930,night,2018-10-29 17:00:00,N
MIMU,"Miraj Cinemas: M4U, Sahibabad",93,2018-10-29 17:00:00,EXECUTIVE,100.00,Available,07:30 PM,201810291930,night,2018-10-29 17:00:00,N
MIMU,"Miraj Cinemas: M4U, Sahibabad",100,2018-10-29 17:00:00,EXECUTIVE,100.00,Available,10:00 PM,201810292200,night,2018-10-29 17:00:00,N
MIMU,"Miraj Cinemas: M4U, Sahibabad",100,2018-10-29 17:00:00,EXECUTIVE,100.00,Available,10:00 PM,201810292200,night,2018-10-29 17:00:00,N
MOPL,Movie Palace: Ghaziabad,100,2018-10-29 17:00:00,Balcony,118.00,Available,07:00 PM,201810291730,night,2018-10-29 17:00:00,N
MTCN,Movietime: Omaxe NRI Mall Greater Noida,93,2018-10-29 17:00:00,NORMAL,100.00,Available,05:30 PM,201810291755,evening,2018-10-29 17:00:00,N
MTCN,Movietime: Omaxe NRI Mall Greater Noida,93,2018-10-29 17:00:00,NORMAL,100.00,Available,05:30 PM,201810291755,evening,2018-10-29 17:00:00,N
MTCN,Movietime: Omaxe NRI Mall Greater Noida,93,2018-10-29 17:00:00,NORMAL,100.00,Available,05:30 PM,201810291755,evening,2018-10-29 17:00:00,N
MTCN,Movietime: Omaxe NRI Mall Greater Noida,96,2018-10-29 17:00:00,NORMAL,100.00,Available,07:55 PM,201810292020,night,2018-10-29 17:00:00,N
MTCN,Movietime: Omaxe NRI Mall Greater Noida,96,2018-10-29 17:00:00,NORMAL,100.00,Available,07:55 PM,201810292020,night,2018-10-29 17:00:00,N
MTCN,Movietime: Omaxe NRI Mall Greater Noida,96,2018-10-29 17:00:00,NORMAL,100.00,Available,07:55 PM,201810292020,night,2018-10-29 17:00:00,N
MTND,Movietime: Dharam Palace Mall,97,2018-10-29 17:00:00,PREMIUM,150.00,Available,08:30 PM,201810292055,night,2018-10-29 17:00:00,N
MTND,Movietime: Dharam Palace Mall,99,2018-10-29 17:00:00,PREMIUM,150.00,Available,10:55 PM,201810292320,night,2018-10-29 17:00:00,N
MTPP,Movietime: Pitampura,84,2018-10-29 17:00:00,PREMIER,100.00,Available,07:55 PM,201810292020,night,2018-10-29 17:00:00,N
MTPP,Movietime: Pitampura,84,2018-10-29 17:00:00,PREMIER,100.00,Available,07:55 PM,201810292020,night,2018-10-29 17:00:00,N
MTRG,Movietime: Raja Garden,98,2018-10-29 17:00:00,SILVER,180.00,Available,05:45 PM,201810291810,evening,2018-10-29 17:00:00,N
MTRG,Movietime: Raja Garden,98,2018-10-29 17:00:00,SILVER,180.00,Available,05:45 PM,201810291810,evening,2018-10-29 17:00:00,N
MTRG,Movietime: Raja Garden,100,2018-10-29 17:00:00,GOLD,200.00,Available,07:10 PM,201810291935,night,2018-10-29 17:00:00,N
MTRG,Movietime: Raja Garden,100,2018-10-29 17:00:00,GOLD,200.00,Available,07:10 PM,201810291935,night,2018-10-29 17:00:00,N
MTRG,Movietime: Raja Garden,100,2018-10-29 17:00:00,SILVER,180.00,Available,07:55 PM,201810292020,night,2018-10-29 17:00:00,N
MTRG,Movietime: Raja Garden,100,2018-10-29 17:00:00,SILVER,180.00,Available,07:55 PM,201810292020,night,2018-10-29 17:00:00,N
MTRG,Movietime: Raja Garden,98,2018-10-29 17:00:00,SILVER,180.00,Available,10:50 PM,201810292315,night,2018-10-29 17:00:00,N
MTRG,Movietime: Raja Garden,98,2018-10-29 17:00:00,SILVER,180.00,Available,10:50 PM,201810292315,night,2018-10-29 17:00:00,N
MTRG,Movietime: Raja Garden,100,2018-10-29 17:00:00,GOLD,200.00,Available,11:20 PM,201810292345,night,2018-10-29 17:00:00,N
MTRG,Movietime: Raja Garden,100,2018-10-29 17:00:00,GOLD,200.00,Available,11:20 PM,201810292345,night,2018-10-29 17:00:00,N
PLXG,"PVR: Rajnigandha GOLD, Logix City Centre, Noida",75,2018-10-29 17:00:00,RECLINER,700.00,Available,05:30 PM,201810291730,evening,2018-10-29 17:00:00,N
PLXG,"PVR: Rajnigandha GOLD, Logix City Centre, Noida",69,2018-10-29 17:00:00,RECLINER,700.00,Available,07:15 PM,201810291915,night,2018-10-29 17:00:00,N
PLXG,"PVR: Rajnigandha GOLD, Logix City Centre, Noida",43,2018-10-29 17:00:00,RECLINER,700.00,Filling Fast,08:15 PM,201810292015,night,2018-10-29 17:00:00,N
PLXG,"PVR: Rajnigandha GOLD, Logix City Centre, Noida",52,2018-10-29 17:00:00,RECLINER,700.00,Available,10:00 PM,201810292200,night,2018-10-29 17:00:00,N
PLXG,"PVR: Rajnigandha GOLD, Logix City Centre, Noida",77,2018-10-29 17:00:00,RECLINER,700.00,Available,11:00 PM,201810292300,night,2018-10-29 17:00:00,N
PMPM,"PM Cinemas: Parsvnath Mall, Manhattan",97,2018-10-29 17:00:00,SL,70.00,Available,07:00 PM,201810291840,night,2018-10-29 17:00:00,N
PMPM,"PM Cinemas: Parsvnath Mall, Manhattan",97,2018-10-29 17:00:00,SL,70.00,Available,07:00 PM,201810291840,night,2018-10-29 17:00:00,N
PMPM,"PM Cinemas: Parsvnath Mall, Manhattan",97,2018-10-29 17:00:00,SL,70.00,Available,07:00 PM,201810291840,night,2018-10-29 17:00:00,N
PMPM,"PM Cinemas: Parsvnath Mall, Manhattan",100,2018-10-29 17:00:00,SL,70.00,Available,09:10 PM,201810292050,night,2018-10-29 17:00:00,N
PMPM,"PM Cinemas: Parsvnath Mall, Manhattan",100,2018-10-29 17:00:00,SL,70.00,Available,09:10 PM,201810292050,night,2018-10-29 17:00:00,N
PMPM,"PM Cinemas: Parsvnath Mall, Manhattan",100,2018-10-29 17:00:00,SL,70.00,Available,09:10 PM,201810292050,night,2018-10-29 17:00:00,N
PNVX,PVR ONYX Promenade: Vasant Kunj,81,2018-10-29 17:00:00,PRIME.,450.00,Available,09:05 PM,201810292105,night,2018-10-29 17:00:00,N
PNVX,PVR ONYX Promenade: Vasant Kunj,81,2018-10-29 17:00:00,PRIME.,450.00,Available,09:05 PM,201810292105,night,2018-10-29 17:00:00,N
PRLI,"PVR: Logix (IMAX), Noida",85,2018-10-29 17:00:00,RECLINER,600.00,Available,07:50 PM,201810291950,night,2018-10-29 17:00:00,N
PRLI,"PVR: Logix (IMAX), Noida",85,2018-10-29 17:00:00,RECLINER,600.00,Available,07:50 PM,201810291950,night,2018-10-29 17:00:00,N
PRLI,"PVR: Logix (IMAX), Noida",88,2018-10-29 17:00:00,RECLINER,600.00,Available,10:35 PM,201810292235,night,2018-10-29 17:00:00,N
PRLI,"PVR: Logix (IMAX), Noida",88,2018-10-29 17:00:00,RECLINER,600.00,Available,10:35 PM,201810292235,night,2018-10-29 17:00:00,N
PV3C,"PVR: 3CS, Delhi",73,2018-10-29 17:00:00,PRIME.,200.00,Available,05:30 PM,201810291730,evening,2018-10-29 17:00:00,N
PV3C,"PVR: 3CS, Delhi",73,2018-10-29 17:00:00,PRIME.,200.00,Available,05:30 PM,201810291730,evening,2018-10-29 17:00:00,N
PV3C,"PVR: 3CS, Delhi",65,2018-10-29 17:00:00,PRIME.,200.00,Available,08:15 PM,201810292015,night,2018-10-29 17:00:00,N
PV3C,"PVR: 3CS, Delhi",65,2018-10-29 17:00:00,PRIME.,200.00,Available,08:15 PM,201810292015,night,2018-10-29 17:00:00,N
PV3C,"PVR: 3CS, Delhi",87,2018-10-29 17:00:00,PRIME.,200.00,Available,11:00 PM,201810292300,night,2018-10-29 17:00:00,N
PV3C,"PVR: 3CS, Delhi",87,2018-10-29 17:00:00,PRIME.,200.00,Available,11:00 PM,201810292300,night,2018-10-29 17:00:00,N
PVCD,"PVR: ECX Chanakyapuri, Delhi",52,2018-10-29 17:00:00,PRIME.,400.00,Filling Fast,06:15 PM,201810291815,evening,2018-10-29 17:00:00,N
PVCD,"PVR: ECX Chanakyapuri, Delhi",52,2018-10-29 17:00:00,PRIME.,400.00,Filling Fast,06:15 PM,201810291815,evening,2018-10-29 17:00:00,N
PVCD,"PVR: ECX Chanakyapuri, Delhi",52,2018-10-29 17:00:00,PRIME.,400.00,Filling Fast,06:15 PM,201810291815,evening,2018-10-29 17:00:00,N
PVCD,"PVR: ECX Chanakyapuri, Delhi",39,2018-10-29 17:00:00,PRIME.,400.00,Filling Fast,09:00 PM,201810292100,night,2018-10-29 17:00:00,N
PVCD,"PVR: ECX Chanakyapuri, Delhi",39,2018-10-29 17:00:00,PRIME.,400.00,Filling Fast,09:00 PM,201810292100,night,2018-10-29 17:00:00,N
PVCD,"PVR: ECX Chanakyapuri, Delhi",39,2018-10-29 17:00:00,PRIME.,400.00,Filling Fast,09:00 PM,201810292100,night,2018-10-29 17:00:00,N
PVCD,"PVR: ECX Chanakyapuri, Delhi",75,2018-10-29 17:00:00,PRIME.,400.00,Available,10:55 PM,201810292255,night,2018-10-29 17:00:00,N
PVCD,"PVR: ECX Chanakyapuri, Delhi",75,2018-10-29 17:00:00,PRIME.,400.00,Available,10:55 PM,201810292255,night,2018-10-29 17:00:00,N
PVCD,"PVR: ECX Chanakyapuri, Delhi",75,2018-10-29 17:00:00,PRIME.,400.00,Available,10:55 PM,201810292255,night,2018-10-29 17:00:00,N
PVCG,"PVR: Select City Walk (Gold), Delhi",58,2018-10-29 17:00:00,PLATINUM SUPERIOR,700.00,Almost Full,06:00 PM,201810291800,evening,2018-10-29 17:00:00,N
PVCG,"PVR: Select City Walk (Gold), Delhi",58,2018-10-29 17:00:00,PLATINUM SUPERIOR,700.00,Almost Full,06:00 PM,201810291800,evening,2018-10-29 17:00:00,N
PVCG,"PVR: Select City Walk (Gold), Delhi",40,2018-10-29 17:00:00,PLATINUM SUPERIOR,700.00,Sold Out,11:25 PM,201810292325,night,2018-10-29 17:00:00,N
PVCG,"PVR: Select City Walk (Gold), Delhi",40,2018-10-29 17:00:00,PLATINUM SUPERIOR,700.00,Sold Out,11:25 PM,201810292325,night,2018-10-29 17:00:00,N
PVDC,"PVR: Director`s Cut, Ambience Delhi",6,2018-10-29 17:00:00,PLATINUM SUPERIOR,800.00,Almost Full,08:00 PM,201810292000,night,2018-10-29 17:00:00,N
PVDC,"PVR: Director`s Cut, Ambience Delhi",6,2018-10-29 17:00:00,PLATINUM SUPERIOR,800.00,Almost Full,08:00 PM,201810292000,night,2018-10-29 17:00:00,N
PVDC,"PVR: Director`s Cut, Ambience Delhi",75,2018-10-29 17:00:00,PLATINUM SUPERIOR,800.00,Available,11:00 PM,201810292300,night,2018-10-29 17:00:00,N
PVDC,"PVR: Director`s Cut, Ambience Delhi",75,2018-10-29 17:00:00,PLATINUM SUPERIOR,800.00,Available,11:00 PM,201810292300,night,2018-10-29 17:00:00,N
PVED,"PVR: EDM, Ghaziabad",84,2018-10-29 17:00:00,CLASSIC..,150.00,Available,06:15 PM,201810291815,evening,2018-10-29 17:00:00,N
PVED,"PVR: EDM, Ghaziabad",75,2018-10-29 17:00:00,CLASSIC..,150.00,Available,07:15 PM,201810291915,night,2018-10-29 17:00:00,N
PVED,"PVR: EDM, Ghaziabad",85,2018-10-29 17:00:00,CLASSIC..,150.00,Available,09:00 PM,201810292100,night,2018-10-29 17:00:00,N
PVED,"PVR: EDM, Ghaziabad",90,2018-10-29 17:00:00,CLASSIC..,150.00,Available,10:00 PM,201810292200,night,2018-10-29 17:00:00,N
PVFR,"PVR: Crown Plaza, Faridabad",77,2018-10-29 17:00:00,PRIME.,150.00,Filling Fast,06:45 PM,201810291845,evening,2018-10-29 17:00:00,N
PVFR,"PVR: Crown Plaza, Faridabad",77,2018-10-29 17:00:00,PRIME.,150.00,Filling Fast,06:45 PM,201810291845,evening,2018-10-29 17:00:00,N
PVFR,"PVR: Crown Plaza, Faridabad",77,2018-10-29 17:00:00,PRIME.,150.00,Filling Fast,06:45 PM,201810291845,evening,2018-10-29 17:00:00,N
PVFR,"PVR: Crown Plaza, Faridabad",86,2018-10-29 17:00:00,PRIME.,118.00,Available,09:30 PM,201810292130,night,2018-10-29 17:00:00,N
PVFR,"PVR: Crown Plaza, Faridabad",86,2018-10-29 17:00:00,PRIME.,118.00,Available,09:30 PM,201810292130,night,2018-10-29 17:00:00,N
PVFR,"PVR: Crown Plaza, Faridabad",86,2018-10-29 17:00:00,PRIME.,118.00,Available,09:30 PM,201810292130,night,2018-10-29 17:00:00,N
PVFR,"PVR: Crown Plaza, Faridabad",94,2018-10-29 17:00:00,CLASSIC PLUS,90.00,Available,10:30 PM,201810292230,night,2018-10-29 17:00:00,N
PVFR,"PVR: Crown Plaza, Faridabad",94,2018-10-29 17:00:00,CLASSIC PLUS,90.00,Available,10:30 PM,201810292230,night,2018-10-29 17:00:00,N
PVGM,"PVR: Mahagun, Ghaziabad",67,2018-10-29 17:00:00,PRIME,200.00,Almost Full,05:40 PM,201810291740,evening,2018-10-29 17:00:00,N
PVGM,"PVR: Mahagun, Ghaziabad",67,2018-10-29 17:00:00,PRIME,200.00,Almost Full,05:40 PM,201810291740,evening,2018-10-29 17:00:00,N
PVGM,"PVR: Mahagun, Ghaziabad",81,2018-10-29 17:00:00,PRIME,200.00,Sold Out,07:25 PM,201810291925,night,2018-10-29 17:00:00,N
PVGM,"PVR: Mahagun, Ghaziabad",81,2018-10-29 17:00:00,PRIME,200.00,Sold Out,07:25 PM,201810291925,night,2018-10-29 17:00:00,N
PVGM,"PVR: Mahagun, Ghaziabad",77,2018-10-29 17:00:00,PRIME,200.00,Sold Out,08:30 PM,201810292030,night,2018-10-29 17:00:00,N
PVGM,"PVR: Mahagun, Ghaziabad",77,2018-10-29 17:00:00,PRIME,200.00,Sold Out,08:30 PM,201810292030,night,2018-10-29 17:00:00,N
PVGM,"PVR: Mahagun, Ghaziabad",86,2018-10-29 17:00:00,PRIME,190.00,Available,10:10 PM,201810292210,night,2018-10-29 17:00:00,N
PVGM,"PVR: Mahagun, Ghaziabad",86,2018-10-29 17:00:00,PRIME,190.00,Available,10:10 PM,201810292210,night,2018-10-29 17:00:00,N
PVGN,"PVR: MGF, Gurgaon",59,2018-10-29 17:00:00,PRIME.,320.00,Almost Full,08:00 PM,201810292000,night,2018-10-29 17:00:00,N
PVGN,"PVR: MGF, Gurgaon",59,2018-10-29 17:00:00,PRIME.,320.00,Almost Full,08:00 PM,201810292000,night,2018-10-29 17:00:00,N
PVGN,"PVR: MGF, Gurgaon",91,2018-10-29 17:00:00,PRIME.,290.00,Available,10:45 PM,201810292245,night,2018-10-29 17:00:00,N
PVGN,"PVR: MGF, Gurgaon",91,2018-10-29 17:00:00,PRIME.,290.00,Available,10:45 PM,201810292245,night,2018-10-29 17:00:00,N
PVGO,"PVR: Opulent, Ghaziabad",86,2018-10-29 17:00:00,RECLINER..,300.00,Filling Fast,07:00 PM,201810291900,night,2018-10-29 17:00:00,N
PVGO,"PVR: Opulent, Ghaziabad",86,2018-10-29 17:00:00,RECLINER..,300.00,Filling Fast,07:00 PM,201810291900,night,2018-10-29 17:00:00,N
PVGO,"PVR: Opulent, Ghaziabad",86,2018-10-29 17:00:00,RECLINER..,300.00,Filling Fast,07:00 PM,201810291900,night,2018-10-29 17:00:00,N
PVGO,"PVR: Opulent, Ghaziabad",83,2018-10-29 17:00:00,RECLINER..,300.00,Filling Fast,08:30 PM,201810292030,night,2018-10-29 17:00:00,N
PVGO,"PVR: Opulent, Ghaziabad",83,2018-10-29 17:00:00,RECLINER..,300.00,Filling Fast,08:30 PM,201810292030,night,2018-10-29 17:00:00,N
PVGO,"PVR: Opulent, Ghaziabad",83,2018-10-29 17:00:00,RECLINER..,300.00,Filling Fast,08:30 PM,201810292030,night,2018-10-29 17:00:00,N
PVGO,"PVR: Opulent, Ghaziabad",91,2018-10-29 17:00:00,RECLINER..,300.00,Filling Fast,09:45 PM,201810292145,night,2018-10-29 17:00:00,N
PVGO,"PVR: Opulent, Ghaziabad",91,2018-10-29 17:00:00,RECLINER..,300.00,Filling Fast,09:45 PM,201810292145,night,2018-10-29 17:00:00,N
PVGO,"PVR: Opulent, Ghaziabad",91,2018-10-29 17:00:00,RECLINER..,300.00,Filling Fast,09:45 PM,201810292145,night,2018-10-29 17:00:00,N
PVIP,"PVR: VVIP, Ghaziabad",70,2018-10-29 17:00:00,RECLINER,240.00,Almost Full,06:15 PM,201810291815,evening,2018-10-29 17:00:00,N
PVIP,"PVR: VVIP, Ghaziabad",70,2018-10-29 17:00:00,RECLINER,240.00,Almost Full,06:15 PM,201810291815,evening,2018-10-29 17:00:00,N
PVIP,"PVR: VVIP, Ghaziabad",81,2018-10-29 17:00:00,RECLINER,220.00,Available,09:00 PM,201810292100,night,2018-10-29 17:00:00,N
PVIP,"PVR: VVIP, Ghaziabad",81,2018-10-29 17:00:00,RECLINER,220.00,Available,09:00 PM,201810292100,night,2018-10-29 17:00:00,N
PVNC,"PVR: Ambience, Paytm IMAX, Gurgaon",79,2018-10-29 17:00:00,LOUNGER,320.00,Available,08:30 PM,201810292030,night,2018-10-29 17:00:00,N
PVNC,"PVR: Ambience, Paytm IMAX, Gurgaon",79,2018-10-29 17:00:00,LOUNGER,320.00,Available,08:30 PM,201810292030,night,2018-10-29 17:00:00,N
PVNC,"PVR: Ambience, Paytm IMAX, Gurgaon",79,2018-10-29 17:00:00,LOUNGER,320.00,Available,08:30 PM,201810292030,night,2018-10-29 17:00:00,N
PVNC,"PVR: Ambience, Paytm IMAX, Gurgaon",91,2018-10-29 17:00:00,LOUNGER,290.00,Available,11:15 PM,201810292315,night,2018-10-29 17:00:00,N
PVNC,"PVR: Ambience, Paytm IMAX, Gurgaon",91,2018-10-29 17:00:00,LOUNGER,290.00,Available,11:15 PM,201810292315,night,2018-10-29 17:00:00,N
PVNC,"PVR: Ambience, Paytm IMAX, Gurgaon",91,2018-10-29 17:00:00,LOUNGER,290.00,Available,11:15 PM,201810292315,night,2018-10-29 17:00:00,N
PVNR,"PVR: Naraina, Delhi",81,2018-10-29 17:00:00,CLASSIC.,200.00,Available,06:15 PM,201810291815,evening,2018-10-29 17:00:00,N
PVNR,"PVR: Naraina, Delhi",65,2018-10-29 17:00:00,CLASSIC.,200.00,Available,07:20 PM,201810291920,night,2018-10-29 17:00:00,N
PVNR,"PVR: Naraina, Delhi",69,2018-10-29 17:00:00,CLASSIC.,170.00,Available,09:00 PM,201810292100,night,2018-10-29 17:00:00,N
PVNR,"PVR: Naraina, Delhi",90,2018-10-29 17:00:00,CLASSIC.,170.00,Available,11:45 PM,201810292345,night,2018-10-29 17:00:00,N
PVPL,"PVR: Plaza-CP, Delhi",70,2018-10-29 17:00:00,PRIME.,375.00,Filling Fast,07:15 PM,201810291915,night,2018-10-29 17:00:00,N
PVPL,"PVR: Plaza-CP, Delhi",70,2018-10-29 17:00:00,PRIME.,375.00,Filling Fast,07:15 PM,201810291915,night,2018-10-29 17:00:00,N
PVPL,"PVR: Plaza-CP, Delhi",85,2018-10-29 17:00:00,PRIME.,375.00,Available,10:00 PM,201810292200,night,2018-10-29 17:00:00,N
PVPL,"PVR: Plaza-CP, Delhi",85,2018-10-29 17:00:00,PRIME.,375.00,Available,10:00 PM,201810292200,night,2018-10-29 17:00:00,N
PVPV,"PVR: Prashant Vihar, Delhi",55,2018-10-29 17:00:00,RECLINER,290.00,Almost Full,08:00 PM,201810292000,night,2018-10-29 17:00:00,N
PVPV,"PVR: Prashant Vihar, Delhi",55,2018-10-29 17:00:00,RECLINER,290.00,Almost Full,08:00 PM,201810292000,night,2018-10-29 17:00:00,N
PVPV,"PVR: Prashant Vihar, Delhi",55,2018-10-29 17:00:00,RECLINER,290.00,Almost Full,08:00 PM,201810292000,night,2018-10-29 17:00:00,N
PVPV,"PVR: Prashant Vihar, Delhi",55,2018-10-29 17:00:00,PRIME.,225.00,Sold Out,09:15 PM,201810292115,night,2018-10-29 17:00:00,N
PVPV,"PVR: Prashant Vihar, Delhi",55,2018-10-29 17:00:00,PRIME.,225.00,Sold Out,09:15 PM,201810292115,night,2018-10-29 17:00:00,N
PVPV,"PVR: Prashant Vihar, Delhi",78,2018-10-29 17:00:00,RECLINER,290.00,Almost Full,10:45 PM,201810292245,night,2018-10-29 17:00:00,N
PVPV,"PVR: Prashant Vihar, Delhi",78,2018-10-29 17:00:00,RECLINER,290.00,Almost Full,10:45 PM,201810292245,night,2018-10-29 17:00:00,N
PVPV,"PVR: Prashant Vihar, Delhi",78,2018-10-29 17:00:00,RECLINER,290.00,Almost Full,10:45 PM,201810292245,night,2018-10-29 17:00:00,N
PVRL,"PVR: Logix, Noida",63,2018-10-29 17:00:00,CLASSIC,250.00,Available,06:15 PM,201810291815,evening,2018-10-29 17:00:00,N
PVRL,"PVR: Logix, Noida",43,2018-10-29 17:00:00,CLASSIC,250.00,Filling Fast,06:55 PM,201810291855,evening,2018-10-29 17:00:00,N
PVRL,"PVR: Logix, Noida",45,2018-10-29 17:00:00,CLASSIC,250.00,Filling Fast,08:55 PM,201810292055,night,2018-10-29 17:00:00,N
PVRL,"PVR: Logix, Noida",65,2018-10-29 17:00:00,CLASSIC,230.00,Available,09:40 PM,201810292140,night,2018-10-29 17:00:00,N
PVRV,"PVR: Rivoli, Delhi",87,2018-10-29 17:00:00,PRIME.,350.00,Filling Fast,09:15 PM,201810292115,night,2018-10-29 17:00:00,N
PVRV,"PVR: Rivoli, Delhi",87,2018-10-29 17:00:00,PRIME.,350.00,Filling Fast,09:15 PM,201810292115,night,2018-10-29 17:00:00,N
PVRV,"PVR: Rivoli, Delhi",87,2018-10-29 17:00:00,PRIME.,350.00,Filling Fast,09:15 PM,201810292115,night,2018-10-29 17:00:00,N
PVSD,"PVR: Sangam, Delhi",77,2018-10-29 17:00:00,PRIME.,250.00,Almost Full,05:30 PM,201810291730,evening,2018-10-29 17:00:00,N
PVSD,"PVR: Sangam, Delhi",77,2018-10-29 17:00:00,PRIME.,250.00,Almost Full,05:30 PM,201810291730,evening,2018-10-29 17:00:00,N
PVSD,"PVR: Sangam, Delhi",64,2018-10-29 17:00:00,PRIME.,250.00,Sold Out,08:15 PM,201810292015,night,2018-10-29 17:00:00,N
PVSD,"PVR: Sangam, Delhi",64,2018-10-29 17:00:00,PRIME.,250.00,Sold Out,08:15 PM,201810292015,night,2018-10-29 17:00:00,N
PVSD,"PVR: Sangam, Delhi",86,2018-10-29 17:00:00,PRIME.,250.00,Available,11:00 PM,201810292300,night,2018-10-29 17:00:00,N
PVSD,"PVR: Sangam, Delhi",86,2018-10-29 17:00:00,PRIME.,250.00,Available,11:00 PM,201810292300,night,2018-10-29 17:00:00,N
PVSH,"PVR: Sahara, Gurgaon",67,2018-10-29 17:00:00,PRIME.,180.00,Available,06:15 PM,201810291815,evening,2018-10-29 17:00:00,N
PVSH,"PVR: Sahara, Gurgaon",67,2018-10-29 17:00:00,PRIME.,180.00,Available,06:15 PM,201810291815,evening,2018-10-29 17:00:00,N
PVSH,"PVR: Sahara, Gurgaon",79,2018-10-29 17:00:00,PRIME.,180.00,Available,09:00 PM,201810292100,night,2018-10-29 17:00:00,N
PVSH,"PVR: Sahara, Gurgaon",79,2018-10-29 17:00:00,PRIME.,180.00,Available,09:00 PM,201810292100,night,2018-10-29 17:00:00,N
PVSK,"PVR: Anupam, Delhi",50,2018-10-29 17:00:00,CLASSIC,200.00,Available,06:15 PM,201810291815,evening,2018-10-29 17:00:00,N
PVSK,"PVR: Anupam, Delhi",70,2018-10-29 17:00:00,CLASSIC,200.00,Available,09:00 PM,201810292100,night,2018-10-29 17:00:00,N
PVSK,"PVR: Anupam, Delhi",86,2018-10-29 17:00:00,CLASSIC,200.00,Available,10:35 PM,201810292235,night,2018-10-29 17:00:00,N
PVSK,"PVR: Anupam, Delhi",92,2018-10-29 17:00:00,CLASSIC,200.00,Available,11:45 PM,201810292345,night,2018-10-29 17:00:00,N
PVVK,"PVR: Vikaspuri, Delhi",69,2018-10-29 17:00:00,CLASSIC.,180.00,Available,06:55 PM,201810291855,evening,2018-10-29 17:00:00,N
PVVK,"PVR: Vikaspuri, Delhi",80,2018-10-29 17:00:00,PRIME.,230.00,Filling Fast,08:00 PM,201810292000,night,2018-10-29 17:00:00,N
PVVK,"PVR: Vikaspuri, Delhi",80,2018-10-29 17:00:00,PRIME.,230.00,Filling Fast,08:00 PM,201810292000,night,2018-10-29 17:00:00,N
PVVK,"PVR: Vikaspuri, Delhi",62,2018-10-29 17:00:00,CLASSIC.,160.00,Available,09:40 PM,201810292140,night,2018-10-29 17:00:00,N
PVVK,"PVR: Vikaspuri, Delhi",96,2018-10-29 17:00:00,PRIME.,210.00,Available,10:45 PM,201810292245,night,2018-10-29 17:00:00,N
PVVK,"PVR: Vikaspuri, Delhi",96,2018-10-29 17:00:00,PRIME.,210.00,Available,10:45 PM,201810292245,night,2018-10-29 17:00:00,N
PVWM,"PVR: Select City Walk IMAX, Delhi",53,2018-10-29 17:00:00,RECLINERS NORMAL,600.00,Filling Fast,08:00 PM,201810292000,night,2018-10-29 17:00:00,N
PVWM,"PVR: Select City Walk IMAX, Delhi",53,2018-10-29 17:00:00,RECLINERS NORMAL,600.00,Filling Fast,08:00 PM,201810292000,night,2018-10-29 17:00:00,N
PVWM,"PVR: Select City Walk IMAX, Delhi",53,2018-10-29 17:00:00,RECLINERS NORMAL,600.00,Filling Fast,08:00 PM,201810292000,night,2018-10-29 17:00:00,N
PVWM,"PVR: Select City Walk IMAX, Delhi",53,2018-10-29 17:00:00,RECLINERS NORMAL,600.00,Filling Fast,08:00 PM,201810292000,night,2018-10-29 17:00:00,N
PVWM,"PVR: Select City Walk IMAX, Delhi",76,2018-10-29 17:00:00,RECLINERS NORMAL,600.00,Available,10:45 PM,201810292245,night,2018-10-29 17:00:00,N
PVWM,"PVR: Select City Walk IMAX, Delhi",76,2018-10-29 17:00:00,RECLINERS NORMAL,600.00,Available,10:45 PM,201810292245,night,2018-10-29 17:00:00,N
PVWM,"PVR: Select City Walk IMAX, Delhi",76,2018-10-29 17:00:00,RECLINERS NORMAL,600.00,Available,10:45 PM,201810292245,night,2018-10-29 17:00:00,N
PVWM,"PVR: Select City Walk IMAX, Delhi",76,2018-10-29 17:00:00,RECLINERS NORMAL,600.00,Available,10:45 PM,201810292245,night,2018-10-29 17:00:00,N
QCSD,Q Cinemas: Shahdara,92,2018-10-29 17:00:00,GOLD,190.00,Available,08:00 PM,201810291940,night,2018-10-29 17:00:00,N
QCSD,Q Cinemas: Shahdara,92,2018-10-29 17:00:00,GOLD,190.00,Available,08:00 PM,201810291940,night,2018-10-29 17:00:00,N
QCSD,Q Cinemas: Shahdara,94,2018-10-29 17:00:00,GOLD,190.00,Available,10:20 PM,201810292200,night,2018-10-29 17:00:00,N
QCSD,Q Cinemas: Shahdara,94,2018-10-29 17:00:00,GOLD,190.00,Available,10:20 PM,201810292200,night,2018-10-29 17:00:00,N
RNMT,"MSX Silvercity,Haldiram Citymall Sec12: Faridabad",85,2018-10-29 17:00:00,EXECUTIVE GOLD,200.00,Available,06:00 PM,201810291740,evening,2018-10-29 17:00:00,N
RNMT,"MSX Silvercity,Haldiram Citymall Sec12: Faridabad",91,2018-10-29 17:00:00,PLATINUM,115.00,Available,07:45 PM,201810291925,night,2018-10-29 17:00:00,N
RNMT,"MSX Silvercity,Haldiram Citymall Sec12: Faridabad",93,2018-10-29 17:00:00,PLATINUM,115.00,Available,08:45 PM,201810292025,night,2018-10-29 17:00:00,N
RRSF,Red Rocks: Faridabad,100,2018-10-29 17:00:00,SILVER,100.00,Available,05:30 PM,201810291730,evening,2018-10-29 17:00:00,N
RRSF,Red Rocks: Faridabad,100,2018-10-29 17:00:00,SILVER,100.00,Available,05:30 PM,201810291730,evening,2018-10-29 17:00:00,N
SCGZ,Silvercity Multiplex: Ghaziabad,87,2018-10-29 17:00:00,PLATINUM,150.00,Available,07:30 PM,201810291930,night,2018-10-29 17:00:00,N
SCGZ,Silvercity Multiplex: Ghaziabad,87,2018-10-29 17:00:00,PLATINUM,150.00,Available,07:30 PM,201810291930,night,2018-10-29 17:00:00,N
SCGZ,Silvercity Multiplex: Ghaziabad,89,2018-10-29 17:00:00,PLATINUM,150.00,Available,10:00 PM,201810292200,night,2018-10-29 17:00:00,N
SCGZ,Silvercity Multiplex: Ghaziabad,89,2018-10-29 17:00:00,PLATINUM,150.00,Available,10:00 PM,201810292200,night,2018-10-29 17:00:00,N
SCJN,INOX: Janak Place,83,2018-10-29 17:00:00,Executive,230.00,Available,06:15 PM,201810291815,evening,2018-10-29 17:00:00,N
SCJN,INOX: Janak Place,83,2018-10-29 17:00:00,Executive,230.00,Available,06:15 PM,201810291815,evening,2018-10-29 17:00:00,N
SCJN,INOX: Janak Place,83,2018-10-29 17:00:00,Executive,230.00,Available,06:15 PM,201810291815,evening,2018-10-29 17:00:00,N
SCJN,INOX: Janak Place,91,2018-10-29 17:00:00,Executive,230.00,Available,07:50 PM,201810291950,night,2018-10-29 17:00:00,N
SCJN,INOX: Janak Place,91,2018-10-29 17:00:00,Executive,230.00,Available,07:50 PM,201810291950,night,2018-10-29 17:00:00,N
SCJN,INOX: Janak Place,91,2018-10-29 17:00:00,Executive,230.00,Available,07:50 PM,201810291950,night,2018-10-29 17:00:00,N
SCJN,INOX: Janak Place,95,2018-10-29 17:00:00,Executive,230.00,Available,10:30 PM,201810292230,night,2018-10-29 17:00:00,N
SCJN,INOX: Janak Place,95,2018-10-29 17:00:00,Executive,230.00,Available,10:30 PM,201810292230,night,2018-10-29 17:00:00,N
SCJN,INOX: Janak Place,95,2018-10-29 17:00:00,Executive,230.00,Available,10:30 PM,201810292230,night,2018-10-29 17:00:00,N
SCND,INOX: Nehru Place,56,2018-10-29 17:00:00,Normal,330.00,Available,05:30 PM,201810291730,evening,2018-10-29 17:00:00,N
SCND,INOX: Nehru Place,54,2018-10-29 17:00:00,Normal,330.00,Available,08:15 PM,201810292015,night,2018-10-29 17:00:00,N
SCND,INOX: Nehru Place,82,2018-10-29 17:00:00,INSIGNIA,750.00,Available,10:00 PM,201810292200,night,2018-10-29 17:00:00,N
SCND,INOX: Nehru Place,69,2018-10-29 17:00:00,Normal,330.00,Available,11:00 PM,201810292300,night,2018-10-29 17:00:00,N
SCPT,INOX: Patel Nagar,75,2018-10-29 17:00:00,Executive,200.00,Available,06:15 PM,201810291815,evening,2018-10-29 17:00:00,N
SCPT,INOX: Patel Nagar,75,2018-10-29 17:00:00,Executive,200.00,Available,06:15 PM,201810291815,evening,2018-10-29 17:00:00,N
SCPT,INOX: Patel Nagar,75,2018-10-29 17:00:00,Executive,200.00,Available,06:15 PM,201810291815,evening,2018-10-29 17:00:00,N
SCPT,INOX: Patel Nagar,82,2018-10-29 17:00:00,Executive,200.00,Available,07:50 PM,201810291950,night,2018-10-29 17:00:00,N
SCPT,INOX: Patel Nagar,82,2018-10-29 17:00:00,Executive,200.00,Available,07:50 PM,201810291950,night,2018-10-29 17:00:00,N
SCPT,INOX: Patel Nagar,82,2018-10-29 17:00:00,Executive,200.00,Available,07:50 PM,201810291950,night,2018-10-29 17:00:00,N
SCPT,INOX: Patel Nagar,92,2018-10-29 17:00:00,Executive,200.00,Available,10:30 PM,201810292230,night,2018-10-29 17:00:00,N
SCPT,INOX: Patel Nagar,92,2018-10-29 17:00:00,Executive,200.00,Available,10:30 PM,201810292230,night,2018-10-29 17:00:00,N
SCPT,INOX: Patel Nagar,92,2018-10-29 17:00:00,Executive,200.00,Available,10:30 PM,201810292230,night,2018-10-29 17:00:00,N
SPIA,Spice Cinemas: Noida,80,2018-10-29 17:00:00,CLASSIC,200.00,Available,05:35 PM,201810291735,evening,2018-10-29 17:00:00,N
SPIA,Spice Cinemas: Noida,80,2018-10-29 17:00:00,CLASSIC,200.00,Available,05:35 PM,201810291735,evening,2018-10-29 17:00:00,N
SPIA,Spice Cinemas: Noida,79,2018-10-29 17:00:00,CLASSIC,200.00,Available,08:20 PM,201810292020,night,2018-10-29 17:00:00,N
SPIA,Spice Cinemas: Noida,79,2018-10-29 17:00:00,CLASSIC,200.00,Available,08:20 PM,201810292020,night,2018-10-29 17:00:00,N
SPIA,Spice Cinemas: Noida,50,2018-10-29 17:00:00,NORMAL,400.00,Available,10:30 PM,201810292230,night,2018-10-29 17:00:00,N
SPIA,Spice Cinemas: Noida,94,2018-10-29 17:00:00,CLASSIC,200.00,Available,11:05 PM,201810292305,night,2018-10-29 17:00:00,N
SPIA,Spice Cinemas: Noida,94,2018-10-29 17:00:00,CLASSIC,200.00,Available,11:05 PM,201810292305,night,2018-10-29 17:00:00,N
SRAM,SRS Aditya Mall: Indirapuram Ghaziabad,80,2018-10-29 17:00:00,GOLD,100.00,Available,07:25 PM,201810291910,night,2018-10-29 17:00:00,N
SRAM,SRS Aditya Mall: Indirapuram Ghaziabad,80,2018-10-29 17:00:00,GOLD,100.00,Available,07:25 PM,201810291910,night,2018-10-29 17:00:00,N
SRAM,SRS Aditya Mall: Indirapuram Ghaziabad,91,2018-10-29 17:00:00,GOLD,100.00,Available,09:50 PM,201810292135,night,2018-10-29 17:00:00,N
SRAM,SRS Aditya Mall: Indirapuram Ghaziabad,91,2018-10-29 17:00:00,GOLD,100.00,Available,09:50 PM,201810292135,night,2018-10-29 17:00:00,N
SREF,"SRS Eldeco Mall: Sector 12, Faridabad",95,2018-10-29 17:00:00,ONLINE,100.00,Available,05:40 PM,201810291725,evening,2018-10-29 17:00:00,N
SREF,"SRS Eldeco Mall: Sector 12, Faridabad",95,2018-10-29 17:00:00,ONLINE,100.00,Available,05:40 PM,201810291725,evening,2018-10-29 17:00:00,N
SREF,"SRS Eldeco Mall: Sector 12, Faridabad",95,2018-10-29 17:00:00,ONLINE,100.00,Available,05:40 PM,201810291725,evening,2018-10-29 17:00:00,N
SREF,"SRS Eldeco Mall: Sector 12, Faridabad",95,2018-10-29 17:00:00,ONLINE,100.00,Available,05:40 PM,201810291725,evening,2018-10-29 17:00:00,N
SREF,"SRS Eldeco Mall: Sector 12, Faridabad",80,2018-10-29 17:00:00,ONLINE,100.00,Available,06:30 PM,201810291815,evening,2018-10-29 17:00:00,N
SREF,"SRS Eldeco Mall: Sector 12, Faridabad",80,2018-10-29 17:00:00,ONLINE,100.00,Available,06:30 PM,201810291815,evening,2018-10-29 17:00:00,N
SREF,"SRS Eldeco Mall: Sector 12, Faridabad",80,2018-10-29 17:00:00,ONLINE,100.00,Available,06:30 PM,201810291815,evening,2018-10-29 17:00:00,N
SREF,"SRS Eldeco Mall: Sector 12, Faridabad",80,2018-10-29 17:00:00,ONLINE,100.00,Available,06:30 PM,201810291815,evening,2018-10-29 17:00:00,N
SREF,"SRS Eldeco Mall: Sector 12, Faridabad",87,2018-10-29 17:00:00,ONLINE,100.00,Available,08:05 PM,201810291950,night,2018-10-29 17:00:00,N
SREF,"SRS Eldeco Mall: Sector 12, Faridabad",87,2018-10-29 17:00:00,ONLINE,100.00,Available,08:05 PM,201810291950,night,2018-10-29 17:00:00,N
SREF,"SRS Eldeco Mall: Sector 12, Faridabad",87,2018-10-29 17:00:00,ONLINE,100.00,Available,08:05 PM,201810291950,night,2018-10-29 17:00:00,N
SREF,"SRS Eldeco Mall: Sector 12, Faridabad",87,2018-10-29 17:00:00,ONLINE,100.00,Available,08:05 PM,201810291950,night,2018-10-29 17:00:00,N
SREF,"SRS Eldeco Mall: Sector 12, Faridabad",88,2018-10-29 17:00:00,ONLINE,100.00,Available,09:00 PM,201810292045,night,2018-10-29 17:00:00,N
SREF,"SRS Eldeco Mall: Sector 12, Faridabad",88,2018-10-29 17:00:00,ONLINE,100.00,Available,09:00 PM,201810292045,night,2018-10-29 17:00:00,N
SREF,"SRS Eldeco Mall: Sector 12, Faridabad",88,2018-10-29 17:00:00,ONLINE,100.00,Available,09:00 PM,201810292045,night,2018-10-29 17:00:00,N
SREF,"SRS Eldeco Mall: Sector 12, Faridabad",88,2018-10-29 17:00:00,ONLINE,100.00,Available,09:00 PM,201810292045,night,2018-10-29 17:00:00,N
SREF,"SRS Eldeco Mall: Sector 12, Faridabad",93,2018-10-29 17:00:00,ONLINE,100.00,Available,10:35 PM,201810292220,night,2018-10-29 17:00:00,N
SREF,"SRS Eldeco Mall: Sector 12, Faridabad",93,2018-10-29 17:00:00,ONLINE,100.00,Available,10:35 PM,201810292220,night,2018-10-29 17:00:00,N
SREF,"SRS Eldeco Mall: Sector 12, Faridabad",93,2018-10-29 17:00:00,ONLINE,100.00,Available,10:35 PM,201810292220,night,2018-10-29 17:00:00,N
SREF,"SRS Eldeco Mall: Sector 12, Faridabad",93,2018-10-29 17:00:00,ONLINE,100.00,Available,10:35 PM,201810292220,night,2018-10-29 17:00:00,N
SRFD,"SRS Mall: Sector 12, Faridabad",93,2018-10-29 17:00:00,ONLINE,115.00,Available,06:30 PM,201810291815,evening,2018-10-29 17:00:00,N
SRFD,"SRS Mall: Sector 12, Faridabad",93,2018-10-29 17:00:00,ONLINE,115.00,Available,06:30 PM,201810291815,evening,2018-10-29 17:00:00,N
SRFD,"SRS Mall: Sector 12, Faridabad",93,2018-10-29 17:00:00,ONLINE,115.00,Available,06:30 PM,201810291815,evening,2018-10-29 17:00:00,N
SRFD,"SRS Mall: Sector 12, Faridabad",93,2018-10-29 17:00:00,ONLINE,115.00,Available,06:30 PM,201810291815,evening,2018-10-29 17:00:00,N
SRFD,"SRS Mall: Sector 12, Faridabad",93,2018-10-29 17:00:00,ONLINE,115.00,Available,06:30 PM,201810291815,evening,2018-10-29 17:00:00,N
SRFD,"SRS Mall: Sector 12, Faridabad",92,2018-10-29 17:00:00,ONLINE,115.00,Available,07:50 PM,201810291935,night,2018-10-29 17:00:00,N
SRFD,"SRS Mall: Sector 12, Faridabad",92,2018-10-29 17:00:00,ONLINE,115.00,Available,07:50 PM,201810291935,night,2018-10-29 17:00:00,N
SRFD,"SRS Mall: Sector 12, Faridabad",92,2018-10-29 17:00:00,ONLINE,115.00,Available,07:50 PM,201810291935,night,2018-10-29 17:00:00,N
SRFD,"SRS Mall: Sector 12, Faridabad",92,2018-10-29 17:00:00,ONLINE,115.00,Available,07:50 PM,201810291935,night,2018-10-29 17:00:00,N
SRFD,"SRS Mall: Sector 12, Faridabad",92,2018-10-29 17:00:00,ONLINE,115.00,Available,07:50 PM,201810291935,night,2018-10-29 17:00:00,N
SRFD,"SRS Mall: Sector 12, Faridabad",94,2018-10-29 17:00:00,ONLINE,115.00,Available,09:00 PM,201810292045,night,2018-10-29 17:00:00,N
SRFD,"SRS Mall: Sector 12, Faridabad",94,2018-10-29 17:00:00,ONLINE,115.00,Available,09:00 PM,201810292045,night,2018-10-29 17:00:00,N
SRFD,"SRS Mall: Sector 12, Faridabad",94,2018-10-29 17:00:00,ONLINE,115.00,Available,09:00 PM,201810292045,night,2018-10-29 17:00:00,N
SRFD,"SRS Mall: Sector 12, Faridabad",94,2018-10-29 17:00:00,ONLINE,115.00,Available,09:00 PM,201810292045,night,2018-10-29 17:00:00,N
SRFD,"SRS Mall: Sector 12, Faridabad",94,2018-10-29 17:00:00,ONLINE,115.00,Available,09:00 PM,201810292045,night,2018-10-29 17:00:00,N
SRFD,"SRS Mall: Sector 12, Faridabad",94,2018-10-29 17:00:00,ONLINE,115.00,Available,10:20 PM,201810292205,night,2018-10-29 17:00:00,N
SRFD,"SRS Mall: Sector 12, Faridabad",94,2018-10-29 17:00:00,ONLINE,115.00,Available,10:20 PM,201810292205,night,2018-10-29 17:00:00,N
SRFD,"SRS Mall: Sector 12, Faridabad",94,2018-10-29 17:00:00,ONLINE,115.00,Available,10:20 PM,201810292205,night,2018-10-29 17:00:00,N
SRFD,"SRS Mall: Sector 12, Faridabad",94,2018-10-29 17:00:00,ONLINE,115.00,Available,10:20 PM,201810292205,night,2018-10-29 17:00:00,N
SRFD,"SRS Mall: Sector 12, Faridabad",94,2018-10-29 17:00:00,ONLINE,115.00,Available,10:20 PM,201810292205,night,2018-10-29 17:00:00,N
SRGN,"SRS Cinemas: Omaxe Gurgaon Mall, Sector 49",80,2018-10-29 17:00:00,ONLINE,140.00,Available,07:50 PM,201810291935,night,2018-10-29 17:00:00,N
SRGN,"SRS Cinemas: Omaxe Gurgaon Mall, Sector 49",80,2018-10-29 17:00:00,ONLINE,140.00,Available,07:50 PM,201810291935,night,2018-10-29 17:00:00,N
SRGN,"SRS Cinemas: Omaxe Gurgaon Mall, Sector 49",80,2018-10-29 17:00:00,ONLINE,140.00,Available,07:50 PM,201810291935,night,2018-10-29 17:00:00,N
SRGN,"SRS Cinemas: Omaxe Gurgaon Mall, Sector 49",80,2018-10-29 17:00:00,ONLINE,140.00,Available,07:50 PM,201810291935,night,2018-10-29 17:00:00,N
SRGN,"SRS Cinemas: Omaxe Gurgaon Mall, Sector 49",95,2018-10-29 17:00:00,ONLINE,140.00,Available,10:15 PM,201810292200,night,2018-10-29 17:00:00,N
SRGN,"SRS Cinemas: Omaxe Gurgaon Mall, Sector 49",95,2018-10-29 17:00:00,ONLINE,140.00,Available,10:15 PM,201810292200,night,2018-10-29 17:00:00,N
SRGN,"SRS Cinemas: Omaxe Gurgaon Mall, Sector 49",95,2018-10-29 17:00:00,ONLINE,140.00,Available,10:15 PM,201810292200,night,2018-10-29 17:00:00,N
SRGN,"SRS Cinemas: Omaxe Gurgaon Mall, Sector 49",95,2018-10-29 17:00:00,ONLINE,140.00,Available,10:15 PM,201810292200,night,2018-10-29 17:00:00,N
SRJM,"SRS Jaipuria Mall: Indirapuram, Ghaziabad",87,2018-10-29 17:00:00,GOLD,100.00,Available,06:55 PM,201810291840,evening,2018-10-29 17:00:00,N
SRJM,"SRS Jaipuria Mall: Indirapuram, Ghaziabad",87,2018-10-29 17:00:00,GOLD,100.00,Available,06:55 PM,201810291840,evening,2018-10-29 17:00:00,N
SRJM,"SRS Jaipuria Mall: Indirapuram, Ghaziabad",93,2018-10-29 17:00:00,GOLD,100.00,Available,09:20 PM,201810292105,night,2018-10-29 17:00:00,N
SRJM,"SRS Jaipuria Mall: Indirapuram, Ghaziabad",93,2018-10-29 17:00:00,GOLD,100.00,Available,09:20 PM,201810292105,night,2018-10-29 17:00:00,N
SRPR,"SRS: Pristine Mall, Sector 31",78,2018-10-29 17:00:00,ONLINE,100.00,Available,05:40 PM,201810291725,evening,2018-10-29 17:00:00,N
SRPR,"SRS: Pristine Mall, Sector 31",78,2018-10-29 17:00:00,ONLINE,100.00,Available,05:40 PM,201810291725,evening,2018-10-29 17:00:00,N
SRPR,"SRS: Pristine Mall, Sector 31",78,2018-10-29 17:00:00,ONLINE,100.00,Available,05:40 PM,201810291725,evening,2018-10-29 17:00:00,N
SRPR,"SRS: Pristine Mall, Sector 31",78,2018-10-29 17:00:00,ONLINE,100.00,Available,05:40 PM,201810291725,evening,2018-10-29 17:00:00,N
SRPR,"SRS: Pristine Mall, Sector 31",78,2018-10-29 17:00:00,ONLINE,100.00,Available,05:40 PM,201810291725,evening,2018-10-29 17:00:00,N
SRPR,"SRS: Pristine Mall, Sector 31",85,2018-10-29 17:00:00,ONLINE,100.00,Available,07:05 PM,201810291850,night,2018-10-29 17:00:00,N
SRPR,"SRS: Pristine Mall, Sector 31",85,2018-10-29 17:00:00,ONLINE,100.00,Available,07:05 PM,201810291850,night,2018-10-29 17:00:00,N
SRPR,"SRS: Pristine Mall, Sector 31",85,2018-10-29 17:00:00,ONLINE,100.00,Available,07:05 PM,201810291850,night,2018-10-29 17:00:00,N
SRPR,"SRS: Pristine Mall, Sector 31",85,2018-10-29 17:00:00,ONLINE,100.00,Available,07:05 PM,201810291850,night,2018-10-29 17:00:00,N
SRPR,"SRS: Pristine Mall, Sector 31",77,2018-10-29 17:00:00,ONLINE,100.00,Available,08:05 PM,201810291950,night,2018-10-29 17:00:00,N
SRPR,"SRS: Pristine Mall, Sector 31",77,2018-10-29 17:00:00,ONLINE,100.00,Available,08:05 PM,201810291950,night,2018-10-29 17:00:00,N
SRPR,"SRS: Pristine Mall, Sector 31",77,2018-10-29 17:00:00,ONLINE,100.00,Available,08:05 PM,201810291950,night,2018-10-29 17:00:00,N
SRPR,"SRS: Pristine Mall, Sector 31",77,2018-10-29 17:00:00,ONLINE,100.00,Available,08:05 PM,201810291950,night,2018-10-29 17:00:00,N
SRPR,"SRS: Pristine Mall, Sector 31",77,2018-10-29 17:00:00,ONLINE,100.00,Available,08:05 PM,201810291950,night,2018-10-29 17:00:00,N
SRPR,"SRS: Pristine Mall, Sector 31",86,2018-10-29 17:00:00,ONLINE,100.00,Available,09:20 PM,201810292105,night,2018-10-29 17:00:00,N
SRPR,"SRS: Pristine Mall, Sector 31",86,2018-10-29 17:00:00,ONLINE,100.00,Available,09:20 PM,201810292105,night,2018-10-29 17:00:00,N
SRPR,"SRS: Pristine Mall, Sector 31",86,2018-10-29 17:00:00,ONLINE,100.00,Available,09:20 PM,201810292105,night,2018-10-29 17:00:00,N
SRPR,"SRS: Pristine Mall, Sector 31",86,2018-10-29 17:00:00,ONLINE,100.00,Available,09:20 PM,201810292105,night,2018-10-29 17:00:00,N
SRPR,"SRS: Pristine Mall, Sector 31",80,2018-10-29 17:00:00,ONLINE,100.00,Available,10:35 PM,201810292220,night,2018-10-29 17:00:00,N
SRPR,"SRS: Pristine Mall, Sector 31",80,2018-10-29 17:00:00,ONLINE,100.00,Available,10:35 PM,201810292220,night,2018-10-29 17:00:00,N
SRPR,"SRS: Pristine Mall, Sector 31",80,2018-10-29 17:00:00,ONLINE,100.00,Available,10:35 PM,201810292220,night,2018-10-29 17:00:00,N
SRPR,"SRS: Pristine Mall, Sector 31",80,2018-10-29 17:00:00,ONLINE,100.00,Available,10:35 PM,201810292220,night,2018-10-29 17:00:00,N
SRPR,"SRS: Pristine Mall, Sector 31",80,2018-10-29 17:00:00,ONLINE,100.00,Available,10:35 PM,201810292220,night,2018-10-29 17:00:00,N
SRST,"SRS Shubham Tower: NIT, Faridabad",96,2018-10-29 17:00:00,ONLINE,70.00,Available,06:40 PM,201810291825,evening,2018-10-29 17:00:00,N
SRST,"SRS Shubham Tower: NIT, Faridabad",96,2018-10-29 17:00:00,ONLINE,70.00,Available,06:40 PM,201810291825,evening,2018-10-29 17:00:00,N
SRST,"SRS Shubham Tower: NIT, Faridabad",96,2018-10-29 17:00:00,ONLINE,70.00,Available,06:40 PM,201810291825,evening,2018-10-29 17:00:00,N
SRST,"SRS Shubham Tower: NIT, Faridabad",96,2018-10-29 17:00:00,ONLINE,70.00,Available,06:40 PM,201810291825,evening,2018-10-29 17:00:00,N
SRST,"SRS Shubham Tower: NIT, Faridabad",100,2018-10-29 17:00:00,ONLINE,70.00,Available,09:10 PM,201810292055,night,2018-10-29 17:00:00,N
SRST,"SRS Shubham Tower: NIT, Faridabad",100,2018-10-29 17:00:00,ONLINE,70.00,Available,09:10 PM,201810292055,night,2018-10-29 17:00:00,N
SRST,"SRS Shubham Tower: NIT, Faridabad",100,2018-10-29 17:00:00,ONLINE,70.00,Available,09:10 PM,201810292055,night,2018-10-29 17:00:00,N
SRST,"SRS Shubham Tower: NIT, Faridabad",100,2018-10-29 17:00:00,ONLINE,70.00,Available,09:10 PM,201810292055,night,2018-10-29 17:00:00,N
SRWG,"SRS Celebration Mall: Sohna Road, Gurgaon",87,2018-10-29 17:00:00,ONLINE,140.00,Available,05:35 PM,201810291720,evening,2018-10-29 17:00:00,N
SRWG,"SRS Celebration Mall: Sohna Road, Gurgaon",87,2018-10-29 17:00:00,ONLINE,140.00,Available,05:35 PM,201810291720,evening,2018-10-29 17:00:00,N
SRWG,"SRS Celebration Mall: Sohna Road, Gurgaon",87,2018-10-29 17:00:00,ONLINE,140.00,Available,05:35 PM,201810291720,evening,2018-10-29 17:00:00,N
SRWG,"SRS Celebration Mall: Sohna Road, Gurgaon",87,2018-10-29 17:00:00,ONLINE,140.00,Available,05:35 PM,201810291720,evening,2018-10-29 17:00:00,N
SRWG,"SRS Celebration Mall: Sohna Road, Gurgaon",87,2018-10-29 17:00:00,ONLINE,140.00,Available,05:35 PM,201810291720,evening,2018-10-29 17:00:00,N
SRWG,"SRS Celebration Mall: Sohna Road, Gurgaon",92,2018-10-29 17:00:00,ONLINE,140.00,Available,06:50 PM,201810291835,evening,2018-10-29 17:00:00,N
SRWG,"SRS Celebration Mall: Sohna Road, Gurgaon",92,2018-10-29 17:00:00,ONLINE,140.00,Available,06:50 PM,201810291835,evening,2018-10-29 17:00:00,N
SRWG,"SRS Celebration Mall: Sohna Road, Gurgaon",92,2018-10-29 17:00:00,ONLINE,140.00,Available,06:50 PM,201810291835,evening,2018-10-29 17:00:00,N
SRWG,"SRS Celebration Mall: Sohna Road, Gurgaon",92,2018-10-29 17:00:00,ONLINE,140.00,Available,06:50 PM,201810291835,evening,2018-10-29 17:00:00,N
SRWG,"SRS Celebration Mall: Sohna Road, Gurgaon",92,2018-10-29 17:00:00,ONLINE,140.00,Available,06:50 PM,201810291835,evening,2018-10-29 17:00:00,N
SRWG,"SRS Celebration Mall: Sohna Road, Gurgaon",86,2018-10-29 17:00:00,ONLINE,140.00,Available,08:00 PM,201810291945,night,2018-10-29 17:00:00,N
SRWG,"SRS Celebration Mall: Sohna Road, Gurgaon",86,2018-10-29 17:00:00,ONLINE,140.00,Available,08:00 PM,201810291945,night,2018-10-29 17:00:00,N
SRWG,"SRS Celebration Mall: Sohna Road, Gurgaon",86,2018-10-29 17:00:00,ONLINE,140.00,Available,08:00 PM,201810291945,night,2018-10-29 17:00:00,N
SRWG,"SRS Celebration Mall: Sohna Road, Gurgaon",86,2018-10-29 17:00:00,ONLINE,140.00,Available,08:00 PM,201810291945,night,2018-10-29 17:00:00,N
SRWG,"SRS Celebration Mall: Sohna Road, Gurgaon",86,2018-10-29 17:00:00,ONLINE,140.00,Available,08:00 PM,201810291945,night,2018-10-29 17:00:00,N
SRWG,"SRS Celebration Mall: Sohna Road, Gurgaon",95,2018-10-29 17:00:00,ONLINE,140.00,Available,10:30 PM,201810292215,night,2018-10-29 17:00:00,N
SRWG,"SRS Celebration Mall: Sohna Road, Gurgaon",95,2018-10-29 17:00:00,ONLINE,140.00,Available,10:30 PM,201810292215,night,2018-10-29 17:00:00,N
SRWG,"SRS Celebration Mall: Sohna Road, Gurgaon",95,2018-10-29 17:00:00,ONLINE,140.00,Available,10:30 PM,201810292215,night,2018-10-29 17:00:00,N
SRWG,"SRS Celebration Mall: Sohna Road, Gurgaon",95,2018-10-29 17:00:00,ONLINE,140.00,Available,10:30 PM,201810292215,night,2018-10-29 17:00:00,N
SRWG,"SRS Celebration Mall: Sohna Road, Gurgaon",95,2018-10-29 17:00:00,ONLINE,140.00,Available,10:30 PM,201810292215,night,2018-10-29 17:00:00,N
STAX,Star X Cinema: Vaishali,82,2018-10-29 17:00:00,X Class,118.00,Available,07:15 PM,201810291850,night,2018-10-29 17:00:00,N
STAX,Star X Cinema: Vaishali,82,2018-10-29 17:00:00,X Class,118.00,Available,07:15 PM,201810291850,night,2018-10-29 17:00:00,N
STAX,Star X Cinema: Vaishali,82,2018-10-29 17:00:00,X Class,118.00,Available,07:15 PM,201810291850,night,2018-10-29 17:00:00,N
STAX,Star X Cinema: Vaishali,85,2018-10-29 17:00:00,X Class,118.00,Available,09:15 PM,201810292050,night,2018-10-29 17:00:00,N
STAX,Star X Cinema: Vaishali,85,2018-10-29 17:00:00,X Class,118.00,Available,09:15 PM,201810292050,night,2018-10-29 17:00:00,N
STAX,Star X Cinema: Vaishali,85,2018-10-29 17:00:00,X Class,118.00,Available,09:15 PM,201810292050,night,2018-10-29 17:00:00,N
STAX,Star X Cinema: Vaishali,88,2018-10-29 17:00:00,X Class,118.00,Available,10:00 PM,201810292135,night,2018-10-29 17:00:00,N
STAX,Star X Cinema: Vaishali,88,2018-10-29 17:00:00,X Class,118.00,Available,10:00 PM,201810292135,night,2018-10-29 17:00:00,N
STAX,Star X Cinema: Vaishali,88,2018-10-29 17:00:00,X Class,118.00,Available,10:00 PM,201810292135,night,2018-10-29 17:00:00,N
USCG,U S Cinemas: Eros Mall Indirapuram,81,2018-10-29 17:00:00,LUX.PLUS,118.00,Available,08:00 PM,201810291945,night,2018-10-29 17:00:00,N
USCG,U S Cinemas: Eros Mall Indirapuram,81,2018-10-29 17:00:00,LUX.PLUS,118.00,Available,08:00 PM,201810291945,night,2018-10-29 17:00:00,N
USCG,U S Cinemas: Eros Mall Indirapuram,58,2018-10-29 17:00:00,ROY.PLUS,250.00,Available,09:50 PM,201810292135,night,2018-10-29 17:00:00,N
USCG,U S Cinemas: Eros Mall Indirapuram,58,2018-10-29 17:00:00,ROY.PLUS,250.00,Available,09:50 PM,201810292135,night,2018-10-29 17:00:00,N
USCG,U S Cinemas: Eros Mall Indirapuram,92,2018-10-29 17:00:00,LUX.PLUS,118.00,Available,10:20 PM,201810292205,night,2018-10-29 17:00:00,N
USCG,U S Cinemas: Eros Mall Indirapuram,92,2018-10-29 17:00:00,LUX.PLUS,118.00,Available,10:20 PM,201810292205,night,2018-10-29 17:00:00,N
WVKS,"Wave: The Wave Mall, Kaushambi",82,2018-10-29 17:00:00,Classic,150.00,Available,06:30 PM,201810291830,evening,2018-10-29 17:00:00,N
WVKS,"Wave: The Wave Mall, Kaushambi",65,2018-10-29 17:00:00,Classic,150.00,Available,07:40 PM,201810291940,night,2018-10-29 17:00:00,N
WVKS,"Wave: The Wave Mall, Kaushambi",78,2018-10-29 17:00:00,Classic,150.00,Available,09:15 PM,201810292115,night,2018-10-29 17:00:00,N
WVND,Wave: Noida,86,2018-10-29 17:00:00,PLATINUM (PKG),1150.00,Available,06:00 PM,201810291800,evening,2018-10-29 17:00:00,N
WVND,Wave: Noida,86,2018-10-29 17:00:00,PLATINUM (PKG),1150.00,Available,06:00 PM,201810291800,evening,2018-10-29 17:00:00,N
WVND,Wave: Noida,78,2018-10-29 17:00:00,Classic,180.00,Available,07:45 PM,201810291945,night,2018-10-29 17:00:00,N
WVND,Wave: Noida,89,2018-10-29 17:00:00,PLATINUM (PKG),1150.00,Available,08:35 PM,201810292035,night,2018-10-29 17:00:00,N
WVND,Wave: Noida,89,2018-10-29 17:00:00,PLATINUM (PKG),1150.00,Available,08:35 PM,201810292035,night,2018-10-29 17:00:00,N
WVND,Wave: Noida,91,2018-10-29 17:00:00,Classic,180.00,Available,10:20 PM,201810292220,night,2018-10-29 17:00:00,N
WVND,Wave: Noida,94,2018-10-29 17:00:00,PLATINUM (PKG),1150.00,Available,11:10 PM,201810292310,night,2018-10-29 17:00:00,N
WVND,Wave: Noida,94,2018-10-29 17:00:00,PLATINUM (PKG),1150.00,Available,11:10 PM,201810292310,night,2018-10-29 17:00:00,N
WVRG,Wave: Raja Garden,78,2018-10-29 17:00:00,CLASSIC,230.00,Available,05:50 PM,201810291750,evening,2018-10-29 17:00:00,N
WVRG,Wave: Raja Garden,69,2018-10-29 17:00:00,CLASSIC,230.00,Available,08:25 PM,201810292025,night,2018-10-29 17:00:00,N
WVRG,Wave: Raja Garden,78,2018-10-29 17:00:00,CLASSIC,230.00,Available,11:05 PM,201810292305,night,2018-10-29 17:00:00,N
WVRN,"Wave: RDC, Ghaziabad",73,2018-10-29 17:00:00,CLASSIC,170.00,Available,06:30 PM,201810291830,evening,2018-10-29 17:00:00,N
WVRN,"Wave: RDC, Ghaziabad",71,2018-10-29 17:00:00,CLASSIC,170.00,Available,07:45 PM,201810291945,night,2018-10-29 17:00:00,N
WVRN,"Wave: RDC, Ghaziabad",80,2018-10-29 17:00:00,CLASSIC,170.00,Available,09:15 PM,201810292115,night,2018-10-29 17:00:00,N
